2018-12-11 07:04:37.863221,46544
2018-12-11 07:04:47.865636,46544
2018-12-11 07:04:57.859297,46544
2018-12-11 07:05:39.189390,46544
2018-12-11 21:41:58.300183,46544
2018-12-11 21:42:06.959024,46544
2018-12-11 21:42:16.967287,46544
2018-12-11 21:42:26.959634,46544
2018-12-11 21:42:36.959288,46544
2018-12-11 21:42:46.959435,46544
2018-12-11 21:42:56.959360,46544
2018-12-11 21:43:06.955768,46544
2018-12-11 21:43:16.955959,46544
2018-12-11 21:43:28.117372,46544
2018-12-11 21:43:36.955634,46544
2018-12-11 21:43:46.955830,46544
2018-12-11 21:43:56.955761,46544
2018-12-11 21:44:06.955282,46544
2018-12-11 21:44:16.956425,46544
2018-12-11 21:44:26.957878,46440
2018-12-11 21:44:38.338450,46544
2018-12-11 21:44:46.955387,46544
2018-12-11 21:44:56.955515,46544
2018-12-11 21:45:06.955668,46544
2018-12-11 21:45:16.956185,46544
2018-12-11 21:45:26.954473,46544
2018-12-11 21:45:36.969370,46544
2018-12-11 21:45:46.955180,46544
2018-12-11 21:45:58.130079,46544
2018-12-11 21:46:06.958887,46544
2018-12-11 21:46:16.951236,46544
2018-12-11 21:46:27.951279,46544
2018-12-11 21:46:36.953120,46544
2018-12-11 21:46:48.151291,46544
2018-12-11 21:46:56.952476,46544
2018-12-11 21:47:06.950791,46544
2018-12-11 21:47:16.951850,46544
2018-12-11 21:47:26.961527,46544
2018-12-11 21:47:36.951252,46544
2018-12-11 21:47:46.989266,46544
2018-12-11 21:47:56.949892,46544
2018-12-11 21:48:06.948407,46544
2018-12-11 21:48:16.948287,46544
2018-12-11 21:48:26.951487,46544
2018-12-11 21:48:36.947937,46544
2018-12-11 21:48:46.948700,46544
2018-12-11 21:48:56.947356,46544
2018-12-11 21:49:06.987712,46544
2018-12-11 21:49:18.010493,46544
2018-12-11 21:49:26.947517,46544
2018-12-11 21:49:36.947450,46544
2018-12-11 21:49:46.947581,46544
2018-12-11 21:49:56.947346,46544
2018-12-11 21:50:06.947777,46544
2018-12-11 21:50:18.080557,46544
2018-12-11 21:50:26.951412,46520
2018-12-11 21:50:36.947568,46544
2018-12-11 21:50:46.947949,46544
2018-12-11 21:50:56.944796,46544
2018-12-11 21:51:06.955185,46544
2018-12-11 21:51:16.946070,46544
2018-12-11 21:51:28.249197,46544
2018-12-11 21:51:36.951269,46544
2018-12-11 21:51:46.943502,46544
2018-12-11 21:51:56.943637,46544
2018-12-11 21:52:06.943028,46544
2018-12-11 21:52:16.946144,46544
2018-12-11 21:52:26.945146,46544
2018-12-11 21:52:36.943714,46544
2018-12-11 21:52:46.943012,46544
2018-12-11 21:52:56.943578,46544
2018-12-11 21:53:06.943836,46544
2018-12-11 21:53:16.951377,46544
2018-12-11 21:53:26.939766,46544
2018-12-11 21:53:36.943302,46544
2018-12-11 21:53:46.942771,46544
2018-12-11 21:53:56.971270,46544
2018-12-11 21:54:06.939894,46544
2018-12-11 21:54:16.940330,46544
2018-12-11 21:54:26.939333,46544
2018-12-11 21:54:36.939123,46544
2018-12-11 21:54:46.939517,46544
2018-12-11 21:54:56.942126,46544
2018-12-11 21:55:06.938986,46544
2018-12-11 21:55:16.938722,46544
2018-12-11 21:55:26.939624,46544
2018-12-11 21:55:36.939761,46544
2018-12-11 21:55:46.939312,46544
2018-12-11 21:55:56.939133,46544
2018-12-11 21:56:06.939142,46544
2018-12-11 21:56:27.419827,46376
2018-12-11 21:56:37.419107,46376
2018-12-11 21:56:47.420203,46376
2018-12-11 21:56:57.418996,46376
2018-12-11 21:57:07.418691,46376
2018-12-11 21:57:17.419623,46376
2018-12-11 21:57:28.904487,46376
2018-12-11 21:57:37.420453,46376
2018-12-11 21:57:47.419864,46376
2018-12-11 21:57:57.416435,46376
2018-12-11 21:58:08.816238,46376
2018-12-11 21:58:17.416454,46544
2018-12-11 21:58:27.422885,46544
2018-12-11 21:58:37.419367,46544
2018-12-11 21:58:47.557840,46544
2018-12-11 21:58:57.453743,46544
2018-12-11 21:59:07.435733,46544
2018-12-11 21:59:17.454861,46544
2018-12-11 21:59:27.415526,46544
2018-12-11 21:59:37.415397,46544
2018-12-11 21:59:47.419434,46544
2018-12-11 21:59:57.422530,46544
2018-12-11 22:00:07.440931,46544
2018-12-11 22:00:17.415566,46544
2018-12-11 22:00:27.412643,46544
2018-12-11 22:00:37.414068,46544
2018-12-11 22:00:47.415897,46544
2018-12-11 22:00:57.411604,46544
2018-12-11 22:01:07.411715,46544
2018-12-11 22:01:17.451948,46544
2018-12-11 22:01:27.411563,46544
2018-12-11 22:01:37.411474,46544
2018-12-11 22:01:47.418634,46544
2018-12-11 22:01:57.411592,46544
2018-12-11 22:02:07.411255,46544
2018-12-11 22:02:17.411073,46544
2018-12-11 22:02:27.411206,46544
2018-12-11 22:02:38.645678,46544
2018-12-11 22:02:47.957328,46544
2018-12-11 22:02:57.410796,46544
2018-12-11 22:03:07.408893,46544
2018-12-11 22:03:17.408620,46544
2018-12-11 22:03:28.460211,46544
2018-12-11 22:03:37.407815,46544
2018-12-11 22:03:47.407870,46544
2018-12-11 22:03:57.411554,46544
2018-12-11 22:04:07.408216,46544
2018-12-11 22:04:17.407758,46544
2018-12-11 22:04:27.407696,46544
2018-12-11 22:04:37.407424,46544
2018-12-11 22:04:48.603368,46544
2018-12-11 22:04:57.411063,46544
2018-12-11 22:05:07.407823,46544
2018-12-11 22:05:17.404146,46544
2018-12-11 22:05:27.434523,46544
2018-12-11 22:05:37.407203,46544
2018-12-11 22:05:48.700478,46544
2018-12-11 22:05:57.403265,46544
2018-12-11 22:06:07.406208,46544
2018-12-11 22:06:17.403847,46544
2018-12-11 22:06:28.648220,46544
2018-12-11 22:06:37.441485,46544
2018-12-11 22:06:47.404343,46544
2018-12-11 22:06:57.403512,46544
2018-12-11 22:07:07.403296,46520
2018-12-11 22:07:17.403146,46544
2018-12-11 22:07:27.402869,46544
2018-12-11 22:07:37.403058,46544
2018-12-11 22:07:47.402325,46544
2018-12-11 22:07:57.403178,46544
2018-12-11 22:08:07.399984,46544
2018-12-11 22:08:17.429820,46544
2018-12-11 22:08:27.415812,46544
2018-12-11 22:08:37.415234,46544
2018-12-11 22:08:48.557867,46544
2018-12-11 22:08:57.415781,46544
2018-12-11 22:09:07.448267,46544
2018-12-11 22:09:17.399713,46544
2018-12-11 22:09:27.421045,46544
2018-12-11 22:09:37.399677,46520
2018-12-11 22:09:48.626275,46544
2018-12-11 22:09:57.399879,46544
2018-12-11 22:10:07.399477,46440
2018-12-11 22:10:17.399256,46544
2018-12-11 22:10:27.399440,46544
2018-12-11 22:10:38.778845,46544
2018-12-11 22:10:47.396372,46544
2018-12-11 22:10:57.400889,46544
2018-12-11 22:11:07.522755,46544
2018-12-11 22:11:17.396130,46544
2018-12-11 22:11:27.412913,46544
2018-12-11 22:11:37.396528,46544
2018-12-11 22:11:47.395611,46544
2018-12-11 22:11:57.395517,46544
2018-12-11 22:12:07.395430,46544
2018-12-11 22:12:17.395641,46544
2018-12-11 22:12:27.394593,46544
2018-12-11 22:12:37.407077,46544
2018-12-11 22:12:47.400030,46544
2018-12-11 22:12:57.395323,46544
2018-12-11 22:13:07.433208,46544
2018-12-11 22:13:17.394724,46544
2018-12-11 22:13:27.394779,46544
2018-12-11 22:13:37.395787,46544
2018-12-11 22:13:47.391497,46544
2018-12-11 22:13:57.399375,46544
2018-12-11 22:14:08.530417,46544
2018-12-11 22:14:17.391446,46544
2018-12-11 22:14:27.421105,46544
2018-12-11 22:14:37.431393,46544
2018-12-11 22:14:47.392444,46544
2018-12-11 22:14:57.399952,46544
2018-12-11 22:15:07.390947,46544
2018-12-11 22:15:17.391553,46544
2018-12-11 22:15:28.772895,46544
2018-12-11 22:15:37.387864,46544
2018-12-11 22:15:47.391118,46544
2018-12-11 22:15:57.392286,46544
2018-12-11 22:16:07.391365,46544
2018-12-11 22:16:17.387853,46544
2018-12-11 22:16:27.391931,46544
2018-12-11 22:16:37.388974,46544
2018-12-11 22:16:47.389857,46544
2018-12-11 22:16:57.387776,46544
2018-12-11 22:17:08.785849,46544
2018-12-11 22:17:17.388899,46544
2018-12-11 22:17:27.388161,46544
2018-12-11 22:17:37.387230,46544
2018-12-11 22:17:47.391178,46544
2018-12-11 22:17:57.388766,46544
2018-12-11 22:18:07.387229,46544
2018-12-11 22:18:18.530202,46544
2018-12-11 22:18:27.384662,46544
2018-12-11 22:18:37.383870,46544
2018-12-11 22:18:48.435043,46544
2018-12-11 22:18:57.387162,46544
2018-12-11 22:19:08.625482,46544
2018-12-11 22:19:17.435590,46544
2018-12-11 22:19:27.384304,46544
2018-12-11 22:19:37.387642,46544
2018-12-11 22:19:47.387224,46544
2018-12-11 22:19:57.384593,46544
2018-12-11 22:20:07.391248,46544
2018-12-11 22:20:17.435425,46544
2018-12-11 22:20:27.428129,46544
2018-12-11 22:20:38.466865,46544
2018-12-11 22:20:47.381036,46544
2018-12-11 22:20:57.381218,46544
2018-12-11 22:21:07.383184,46544
2018-12-11 22:21:17.379800,46544
2018-12-11 22:21:27.384885,46544
2018-12-11 22:21:37.379600,46544
2018-12-11 22:21:47.379581,46544
2018-12-11 22:21:57.382527,46544
2018-12-11 22:22:08.840403,46544
2018-12-11 22:22:17.383938,46520
2018-12-11 22:22:27.379947,46544
2018-12-11 22:22:37.398639,46544
2018-12-11 22:22:47.386733,46544
2018-12-11 22:22:57.439300,46544
2018-12-11 22:23:07.388698,46544
2018-12-11 22:23:17.379185,46544
2018-12-11 22:23:28.478464,46544
2018-12-11 22:23:37.383040,46544
2018-12-11 22:23:47.376813,46544
2018-12-11 22:23:58.824107,46544
2018-12-11 22:24:07.376156,46544
2018-12-11 22:24:17.382274,46544
2018-12-11 22:24:27.376155,46544
2018-12-11 22:24:37.376356,46544
2018-12-11 22:24:47.376447,46544
2018-12-11 22:24:58.877212,46544
2018-12-11 22:25:07.393893,46544
2018-12-11 22:25:17.375141,46544
2018-12-11 22:25:27.375351,46544
2018-12-11 22:25:37.375021,46544
2018-12-11 22:25:47.375356,46544
2018-12-11 22:25:57.374816,46544
2018-12-11 22:26:07.374788,46544
2018-12-11 22:26:17.376233,46544
2018-12-11 22:26:40.111408,46376
2018-12-11 22:26:50.108803,46376
2018-12-11 22:27:00.108408,46376
2018-12-11 22:27:10.107245,46376
2018-12-11 22:27:20.110930,46376
2018-12-11 22:27:30.107419,46376
2018-12-11 22:27:40.107513,46376
2018-12-11 22:27:50.108058,46376
2018-12-11 22:28:00.107315,46376
2018-12-11 22:28:10.111780,46376
2018-12-11 22:28:20.107361,46376
2018-12-11 22:28:30.107221,46544
2018-12-11 22:28:40.107506,46544
2018-12-11 22:28:50.106994,46544
2018-12-11 22:29:00.106776,46544
2018-12-11 22:29:10.103187,46544
2018-12-11 22:29:20.104787,46544
2018-12-11 22:29:31.219584,46544
2018-12-11 22:29:40.107606,46544
2018-12-11 22:29:50.103712,46544
2018-12-11 22:30:00.140883,46544
2018-12-11 22:30:10.103701,46544
2018-12-11 22:30:20.103790,46544
2018-12-11 22:30:31.240708,46544
2018-12-11 22:30:40.103648,46544
2018-12-11 22:30:50.103513,46544
2018-12-11 22:31:00.104788,46544
2018-12-11 22:31:10.102975,46544
2018-12-11 22:31:21.134226,46544
2018-12-11 22:31:30.100649,46544
2018-12-11 22:31:40.100057,46544
2018-12-11 22:31:50.102102,46544
2018-12-11 22:32:00.100307,46544
2018-12-11 22:32:10.100109,46544
2018-12-11 22:32:21.232284,46544
2018-12-11 22:32:30.100184,46544
2018-12-11 22:32:41.382401,46544
2018-12-11 22:32:50.103472,46544
2018-12-11 22:33:00.099077,46544
2018-12-11 22:33:10.099340,46544
2018-12-11 22:33:20.103846,46544
2018-12-11 22:33:30.123314,46544
2018-12-11 22:33:40.099192,46544
2018-12-11 22:33:50.100100,46544
2018-12-11 22:34:00.099199,46544
2018-12-11 22:34:10.118171,46544
2018-12-11 22:34:20.095556,46544
2018-12-11 22:34:30.096430,46544
2018-12-11 22:34:40.097916,46544
2018-12-11 22:34:51.592950,46544
2018-12-11 22:35:00.095853,46544
2018-12-11 22:35:10.099517,46544
2018-12-11 22:35:20.095161,46544
2018-12-11 22:35:31.418459,46544
2018-12-11 22:35:40.094882,46440
2018-12-11 22:35:50.094974,46544
2018-12-11 22:36:02.612131,46544
2018-12-11 22:36:10.094784,46544
2018-12-11 22:36:20.095117,46544
2018-12-11 22:36:30.094874,46544
2018-12-11 22:36:40.095131,46544
2018-12-11 22:36:50.094882,46544
2018-12-11 22:37:00.095649,46544
2018-12-11 22:37:10.099934,46544
2018-12-11 22:37:20.091695,46544
2018-12-11 22:37:30.091587,46544
2018-12-11 22:37:40.090909,46544
2018-12-11 22:37:50.094748,46544
2018-12-11 22:38:00.092486,46544
2018-12-11 22:38:10.091677,46544
2018-12-11 22:38:20.091264,46544
2018-12-11 22:38:30.091500,46544
2018-12-11 22:38:40.091238,46544
2018-12-11 22:38:50.091253,46544
2018-12-11 22:39:00.091080,46544
2018-12-11 22:39:10.091905,46544
2018-12-11 22:39:20.181324,46544
2018-12-11 22:39:31.391360,46544
2018-12-11 22:39:40.091463,46544
2018-12-11 22:39:50.112310,46544
2018-12-11 22:40:00.091651,46544
2018-12-11 22:40:10.090731,46544
2018-12-11 22:40:20.087561,46440
2018-12-11 22:40:30.089201,46544
2018-12-11 22:40:40.087384,46544
2018-12-11 22:40:50.087120,46544
2018-12-11 22:41:00.087013,46544
2018-12-11 22:41:10.091607,46544
2018-12-11 22:41:20.107674,46544
2018-12-11 22:41:30.087669,46544
2018-12-11 22:41:40.086900,46544
2018-12-11 22:41:50.088057,46544
2018-12-11 22:42:00.084388,46544
2018-12-11 22:42:10.091899,46544
2018-12-11 22:42:20.086987,46544
2018-12-11 22:42:30.145213,46544
2018-12-11 22:42:40.099241,46544
2018-12-11 22:42:50.083946,46544
2018-12-11 22:43:01.411452,46544
2018-12-11 22:43:10.087286,46544
2018-12-11 22:43:20.085676,46544
2018-12-11 22:43:30.083502,46544
2018-12-11 22:43:40.175997,46544
2018-12-11 22:43:50.140014,46544
2018-12-11 22:44:00.083728,46544
2018-12-11 22:44:10.084261,46544
2018-12-11 22:44:20.087032,46544
2018-12-11 22:44:31.089774,46544
2018-12-11 22:44:40.083442,46544
2018-12-11 22:44:50.085021,46544
2018-12-11 22:45:00.085481,46440
2018-12-11 22:45:10.083573,46544
2018-12-11 22:45:20.091799,46544
2018-12-11 22:45:30.079984,46544
2018-12-11 22:45:40.082947,46544
2018-12-11 22:45:50.079775,46544
2018-12-11 22:46:00.080132,46544
2018-12-11 22:46:10.154515,46544
2018-12-11 22:46:20.079294,46544
2018-12-11 22:46:30.079266,46544
2018-12-11 22:46:40.079431,46544
2018-12-11 22:46:50.078147,46544
2018-12-11 22:47:00.080147,46544
2018-12-11 22:47:10.077315,46544
2018-12-11 22:47:20.179476,46544
2018-12-11 22:47:30.128165,46544
2018-12-11 22:47:40.075736,46544
2018-12-11 22:47:50.076004,46544
2018-12-11 22:48:00.075764,46544
2018-12-11 22:48:11.221669,46544
2018-12-11 22:48:20.075037,46544
2018-12-11 22:48:30.075446,46544
2018-12-11 22:48:41.517610,46544
2018-12-11 22:48:50.075249,46544
2018-12-11 22:49:00.075462,46544
2018-12-11 22:49:10.076993,46544
2018-12-11 22:49:20.142837,46544
2018-12-11 22:49:30.075251,46544
2018-12-11 22:49:41.586465,46440
2018-12-11 22:49:50.079826,46544
2018-12-11 22:50:00.079918,46544
2018-12-11 22:50:11.233829,46544
2018-12-11 22:50:20.075438,46544
2018-12-11 22:50:31.481394,46544
2018-12-11 22:50:40.071847,46544
2018-12-11 22:50:50.098627,46544
2018-12-11 22:51:00.073073,46544
2018-12-11 22:51:10.072689,46520
2018-12-11 22:51:20.071086,46544
2018-12-11 22:51:30.112976,46544
2018-12-11 22:51:40.129146,46544
2018-12-11 22:51:50.073937,46544
2018-12-11 22:52:00.089441,46544
2018-12-11 22:52:10.079101,46544
2018-12-11 22:52:20.078207,46544
2018-12-11 22:52:31.446550,46544
2018-12-11 22:52:41.095339,46544
2018-12-11 22:52:50.067190,46544
2018-12-11 22:53:00.071627,46544
2018-12-11 22:53:10.068749,46544
2018-12-11 22:53:20.070814,46544
2018-12-11 22:53:30.103283,46544
2018-12-11 22:53:40.070257,46544
2018-12-11 22:53:50.067485,46544
2018-12-11 22:54:00.068733,46544
2018-12-11 22:54:10.069195,46520
2018-12-11 22:54:20.067406,46440
2018-12-11 22:54:31.260605,46544
2018-12-11 22:54:40.067648,46544
2018-12-11 22:54:50.095590,46544
2018-12-11 22:55:00.143318,46544
2018-12-11 22:55:10.144129,46544
2018-12-11 22:55:20.068164,46544
2018-12-11 22:55:30.063806,46544
2018-12-11 22:55:40.064090,46544
2018-12-11 22:55:50.063074,46544
2018-12-11 22:56:00.068037,46544
2018-12-11 22:56:10.067558,46544
2018-12-11 22:56:20.095265,46544
2018-12-11 22:56:30.063444,46544
2018-12-11 22:56:49.467606,46376
2018-12-11 22:56:59.464000,46376
2018-12-11 22:57:09.463697,46376
2018-12-11 22:57:20.822654,46352
2018-12-11 22:57:29.469368,46376
2018-12-11 22:57:39.483486,46376
2018-12-11 22:57:50.567648,46376
2018-12-11 22:57:59.464532,46376
2018-12-11 22:58:10.799615,46376
2018-12-11 22:58:19.463175,46376
2018-12-11 22:58:29.464533,46376
2018-12-11 22:58:39.464018,46544
2018-12-11 22:58:49.463998,46544
2018-12-11 22:58:59.490046,46544
2018-12-11 22:59:09.459801,46544
2018-12-11 22:59:19.460790,46544
2018-12-11 22:59:29.459443,46544
2018-12-11 22:59:39.459654,46544
2018-12-11 22:59:49.470912,46544
2018-12-11 22:59:59.460069,46544
2018-12-11 23:00:10.779560,46544
2018-12-11 23:00:19.459307,46544
2018-12-11 23:00:29.691531,46544
2018-12-11 23:00:39.475385,46544
2018-12-11 23:00:49.467454,46544
2018-12-11 23:00:59.490804,46544
2018-12-11 23:01:09.459206,46544
2018-12-11 23:01:19.459635,46440
2018-12-11 23:01:29.480293,46544
2018-12-11 23:01:39.457191,46544
2018-12-11 23:01:49.456018,46544
2018-12-11 23:01:59.459686,46544
2018-12-11 23:02:09.455926,46544
2018-12-11 23:02:19.456151,46544
2018-12-11 23:02:29.455912,46544
2018-12-11 23:02:39.457313,46544
2018-12-11 23:02:49.455444,46544
2018-12-11 23:02:59.455436,46544
2018-12-11 23:03:09.455952,46544
2018-12-11 23:03:19.463914,46544
2018-12-11 23:03:29.455201,46544
2018-12-11 23:03:39.455099,46544
2018-12-11 23:03:50.726055,46544
2018-12-11 23:03:59.463541,46544
2018-12-11 23:04:09.454910,46544
2018-12-11 23:04:19.455148,46544
2018-12-11 23:04:29.468555,46544
2018-12-11 23:04:39.460605,46544
2018-12-11 23:04:50.658214,46544
2018-12-11 23:04:59.454582,46544
2018-12-11 23:05:09.458189,46544
2018-12-11 23:05:19.451545,46544
2018-12-11 23:05:29.461253,46544
2018-12-11 23:05:39.455409,46544
2018-12-11 23:05:49.479472,46544
2018-12-11 23:05:59.560009,46440
2018-12-11 23:06:09.628805,46544
2018-12-11 23:06:19.450810,46544
2018-12-11 23:06:30.853862,46544
2018-12-11 23:06:39.448235,46544
2018-12-11 23:06:49.487267,46544
2018-12-11 23:06:59.448253,46544
2018-12-11 23:07:09.456778,46544
2018-12-11 23:07:19.459636,46544
2018-12-11 23:07:29.459038,46544
2018-12-11 23:07:40.565384,46544
2018-12-11 23:07:49.448015,46544
2018-12-11 23:07:59.447529,46544
2018-12-11 23:08:09.518795,46544
2018-12-11 23:08:20.938319,46544
2018-12-11 23:08:29.480981,46544
2018-12-11 23:08:39.454169,46544
2018-12-11 23:08:49.447773,46544
2018-12-11 23:08:59.448245,46544
2018-12-11 23:09:09.450992,46520
2018-12-11 23:09:19.446202,46544
2018-12-11 23:09:29.451511,46544
2018-12-11 23:09:39.447338,46544
2018-12-11 23:09:49.453821,46544
2018-12-11 23:09:59.683475,46544
2018-12-11 23:10:10.578105,46544
2018-12-11 23:10:19.447769,46544
2018-12-11 23:10:29.482063,46544
2018-12-11 23:10:39.443772,46544
2018-12-11 23:10:51.952355,46544
2018-12-11 23:10:59.454049,46544
2018-12-11 23:11:09.443590,46544
2018-12-11 23:11:19.459179,46544
2018-12-11 23:11:29.444291,46544
2018-12-11 23:11:39.447069,46544
2018-12-11 23:11:49.443222,46544
2018-12-11 23:11:59.554290,46544
2018-12-11 23:12:09.451647,46544
2018-12-11 23:12:20.817015,46544
2018-12-11 23:12:29.440444,46544
2018-12-11 23:12:39.442978,46544
2018-12-11 23:12:49.479693,46544
2018-12-11 23:12:59.439410,46544
2018-12-11 23:13:09.447382,46544
2018-12-11 23:13:19.440184,46544
2018-12-11 23:13:29.439672,46544
2018-12-11 23:13:39.511318,46544
2018-12-11 23:13:49.438210,46544
2018-12-11 23:13:59.439328,46544
2018-12-11 23:14:09.439781,46544
2018-12-11 23:14:19.503616,46544
2018-12-11 23:14:29.438174,46544
2018-12-11 23:14:39.439078,46544
2018-12-11 23:14:49.436322,46544
2018-12-11 23:15:00.609470,46544
2018-12-11 23:15:10.701577,46440
2018-12-11 23:15:19.541360,46544
2018-12-11 23:15:31.965585,46544
2018-12-11 23:15:39.435293,46544
2018-12-11 23:15:49.503952,46544
2018-12-11 23:15:59.435674,46544
2018-12-11 23:16:09.526628,46544
2018-12-11 23:16:19.435254,46544
2018-12-11 23:16:29.435815,46544
2018-12-11 23:16:39.435522,46544
2018-12-11 23:16:49.435720,46544
2018-12-11 23:16:59.435835,46544
2018-12-11 23:17:09.490986,46544
2018-12-11 23:17:19.477912,46544
2018-12-11 23:17:29.461058,46544
2018-12-11 23:17:39.440759,46544
2018-12-11 23:17:49.618970,46544
2018-12-11 23:18:00.989241,46544
2018-12-11 23:18:09.495711,46544
2018-12-11 23:18:20.614511,46544
2018-12-11 23:18:29.432233,46544
2018-12-11 23:18:39.432531,46544
2018-12-11 23:18:49.431539,46544
2018-12-11 23:18:59.445697,46544
2018-12-11 23:19:09.431209,46544
2018-12-11 23:19:19.432415,46544
2018-12-11 23:19:29.432176,46544
2018-12-11 23:19:39.435381,46544
2018-12-11 23:19:50.882776,46544
2018-12-11 23:19:59.430944,46544
2018-12-11 23:20:09.431536,46544
2018-12-11 23:20:19.429140,46544
2018-12-11 23:20:29.428561,46544
2018-12-11 23:20:39.428340,46544
2018-12-11 23:20:49.427705,46544
2018-12-11 23:20:59.427795,46544
2018-12-11 23:21:09.430794,46544
2018-12-11 23:21:19.427805,46544
2018-12-11 23:21:29.429401,46544
2018-12-11 23:21:39.434777,46544
2018-12-11 23:21:49.430860,46544
2018-12-11 23:21:59.427166,46544
2018-12-11 23:22:09.518263,46544
2018-12-11 23:22:19.427549,46544
2018-12-11 23:22:30.865272,46544
2018-12-11 23:22:39.427157,46544
2018-12-11 23:22:49.432556,46544
2018-12-11 23:22:59.425854,46544
2018-12-11 23:23:09.427491,46544
2018-12-11 23:23:19.508755,46544
2018-12-11 23:23:29.454271,46544
2018-12-11 23:23:39.423810,46544
2018-12-11 23:23:49.443788,46544
2018-12-11 23:23:59.473317,46544
2018-12-11 23:24:09.424306,46544
2018-12-11 23:24:19.489500,46544
2018-12-11 23:24:30.433073,46544
2018-12-11 23:24:39.423200,46544
2018-12-11 23:24:50.783324,46544
2018-12-11 23:24:59.426942,46544
2018-12-11 23:25:09.423265,46544
2018-12-11 23:25:19.423252,46544
2018-12-11 23:25:29.422772,46544
2018-12-11 23:25:39.419972,46544
2018-12-11 23:25:49.426607,46544
2018-12-11 23:25:59.431673,46544
2018-12-11 23:26:09.427502,46544
2018-12-11 23:26:19.423357,46544
2018-12-11 23:26:29.427966,46544
2018-12-11 23:26:39.419207,46544
2018-12-11 23:27:02.239204,46376
2018-12-11 23:27:12.249933,46376
2018-12-11 23:27:22.236052,46376
2018-12-11 23:27:32.239431,46376
2018-12-11 23:27:42.236102,46376
2018-12-11 23:27:52.241181,46376
2018-12-11 23:28:02.235740,46376
2018-12-11 23:28:12.283472,46376
2018-12-11 23:28:22.234787,46376
2018-12-11 23:28:32.239238,46376
2018-12-11 23:28:42.234894,46376
2018-12-11 23:28:53.405516,46544
2018-12-11 23:29:02.235265,46544
2018-12-11 23:29:12.313109,46544
2018-12-11 23:29:22.234707,46544
2018-12-11 23:29:32.236798,46544
2018-12-11 23:29:42.288181,46544
2018-12-11 23:29:53.457050,46544
2018-12-11 23:30:02.236236,46544
2018-12-11 23:30:12.272525,46544
2018-12-11 23:30:22.231404,46544
2018-12-11 23:30:32.240974,46544
2018-12-11 23:30:43.445824,46544
2018-12-11 23:30:52.239938,46544
2018-12-11 23:31:02.255803,46544
2018-12-11 23:31:12.231555,46544
2018-12-11 23:31:22.231255,46440
2018-12-11 23:31:32.235398,46544
2018-12-11 23:31:42.230001,46544
2018-12-11 23:31:52.228253,46544
2018-12-11 23:32:02.235182,46544
2018-12-11 23:32:12.227480,46544
2018-12-11 23:32:22.251661,46544
2018-12-11 23:32:32.228927,46544
2018-12-11 23:32:42.227612,46544
2018-12-11 23:32:52.227471,46544
2018-12-11 23:33:03.629531,46544
2018-12-11 23:33:12.231351,46544
2018-12-11 23:33:22.227498,46544
2018-12-11 23:33:32.227616,46544
2018-12-11 23:33:43.577255,46544
2018-12-11 23:33:53.627210,46544
2018-12-11 23:34:02.227722,46544
2018-12-11 23:34:13.477765,46544
2018-12-11 23:34:22.224863,46544
2018-12-11 23:34:32.224744,46544
2018-12-11 23:34:42.223977,46544
2018-12-11 23:34:52.223433,46544
2018-12-11 23:35:02.224495,46544
2018-12-11 23:35:13.480528,46544
2018-12-11 23:35:22.226708,46544
2018-12-11 23:35:32.226107,46544
2018-12-11 23:35:42.223373,46544
2018-12-11 23:35:52.222824,46544
2018-12-11 23:36:02.223130,46544
2018-12-11 23:36:13.614879,46544
2018-12-11 23:36:22.223379,46544
2018-12-11 23:36:32.223744,46544
2018-12-11 23:36:42.223044,46544
2018-12-11 23:36:52.226786,46544
2018-12-11 23:37:02.232803,46544
2018-12-11 23:37:12.221852,46544
2018-12-11 23:37:22.221826,46544
2018-12-11 23:37:32.228709,46544
2018-12-11 23:37:42.223520,46544
2018-12-11 23:37:52.219789,46544
2018-12-11 23:38:03.484193,46544
2018-12-11 23:38:12.231416,46544
2018-12-11 23:38:22.227576,46544
2018-12-11 23:38:32.219628,46544
2018-12-11 23:38:43.431989,46544
2018-12-11 23:38:52.219112,46544
2018-12-11 23:39:02.219180,46544
2018-12-11 23:39:13.648760,46544
2018-12-11 23:39:22.219339,46544
2018-12-11 23:39:32.216817,46544
2018-12-11 23:39:43.447768,46544
2018-12-11 23:39:52.215982,46544
2018-12-11 23:40:02.218953,46544
2018-12-11 23:40:12.219815,46544
2018-12-11 23:40:22.215474,46544
2018-12-11 23:40:32.216047,46440
2018-12-11 23:40:42.216195,46544
2018-12-11 23:40:52.216491,46544
2018-12-11 23:41:02.215078,46544
2018-12-11 23:41:12.223362,46544
2018-12-11 23:41:22.215091,46544
2018-12-11 23:41:32.215577,46544
2018-12-11 23:41:42.214919,46544
2018-12-11 23:41:52.214950,46544
2018-12-11 23:42:02.215643,46544
2018-12-11 23:42:12.216371,46544
2018-12-11 23:42:22.217630,46544
2018-12-11 23:42:32.212204,46544
2018-12-11 23:42:42.211866,46544
2018-12-11 23:42:52.215585,46544
2018-12-11 23:43:02.260808,46544
2018-12-11 23:43:12.212400,46544
2018-12-11 23:43:22.230761,46544
2018-12-11 23:43:32.211541,46544
2018-12-11 23:43:42.211776,46544
2018-12-11 23:43:52.211311,46544
2018-12-11 23:44:02.211305,46544
2018-12-11 23:44:13.371346,46544
2018-12-11 23:44:22.424384,46544
2018-12-11 23:44:32.214060,46544
2018-12-11 23:44:42.211482,46544
2018-12-11 23:44:52.211304,46544
2018-12-11 23:45:02.214647,46544
2018-12-11 23:45:13.528871,46440
2018-12-11 23:45:22.210819,46544
2018-12-11 23:45:32.246860,46544
2018-12-11 23:45:42.207590,46544
2018-12-11 23:45:52.211832,46544
2018-12-11 23:46:02.211613,46544
2018-12-11 23:46:12.207239,46544
2018-12-11 23:46:22.215595,46544
2018-12-11 23:46:32.207542,46544
2018-12-11 23:46:42.207337,46544
2018-12-11 23:46:52.206546,46544
2018-12-11 23:47:02.207175,46544
2018-12-11 23:47:12.207270,46544
2018-12-11 23:47:22.205965,46544
2018-12-11 23:47:32.206801,46544
2018-12-11 23:47:42.206054,46544
2018-12-11 23:47:52.206959,46544
2018-12-11 23:48:02.204336,46544
2018-12-11 23:48:12.204739,46544
2018-12-11 23:48:23.298239,46544
2018-12-11 23:48:32.203820,46544
2018-12-11 23:48:42.207513,46544
2018-12-11 23:48:52.208435,46544
2018-12-11 23:49:02.265273,46544
2018-12-11 23:49:12.204284,46544
2018-12-11 23:49:22.203735,46544
2018-12-11 23:49:32.257410,46544
2018-12-11 23:49:42.203137,46544
2018-12-11 23:49:53.618018,46440
2018-12-11 23:50:02.203388,46544
2018-12-11 23:50:12.244420,46544
2018-12-11 23:50:22.200580,46544
2018-12-11 23:50:32.203195,46544
2018-12-11 23:50:42.202816,46544
2018-12-11 23:50:52.204916,46544
2018-12-11 23:51:02.200029,46544
2018-12-11 23:51:12.203075,46544
2018-12-11 23:51:22.200407,46544
2018-12-11 23:51:33.555477,46544
2018-12-11 23:51:42.216268,46544
2018-12-11 23:51:52.240932,46544
2018-12-11 23:52:02.199392,46544
2018-12-11 23:52:12.200040,46544
2018-12-11 23:52:22.198986,46544
2018-12-11 23:52:32.199171,46544
2018-12-11 23:52:42.235067,46544
2018-12-11 23:52:52.199208,46544
2018-12-11 23:53:02.199155,46544
2018-12-11 23:53:13.532855,46544
2018-12-11 23:53:22.199514,46544
2018-12-11 23:53:32.200176,46544
2018-12-11 23:53:42.277473,46544
2018-12-11 23:53:52.195257,46544
2018-12-11 23:54:02.198172,46544
2018-12-11 23:54:13.742733,46544
2018-12-11 23:54:22.201408,46544
2018-12-11 23:54:32.195252,46544
2018-12-11 23:54:42.236865,46544
2018-12-11 23:54:52.195586,46544
2018-12-11 23:55:03.291846,46544
2018-12-11 23:55:12.195182,46544
2018-12-11 23:55:22.195630,46544
2018-12-11 23:55:33.583458,46544
2018-12-11 23:55:42.196013,46544
2018-12-11 23:55:52.233300,46544
2018-12-11 23:56:03.306239,46544
2018-12-11 23:56:12.195158,46544
2018-12-11 23:56:22.192061,46544
2018-12-11 23:56:32.191863,46544
2018-12-11 23:56:42.192288,46544
2018-12-11 23:56:52.219275,46544
2018-12-11 23:57:11.992299,46376
2018-12-11 23:57:22.417950,46376
2018-12-11 23:57:31.991282,46376
2018-12-11 23:57:41.992325,46376
2018-12-11 23:57:51.991711,46376
2018-12-11 23:58:01.993161,46376
2018-12-11 23:58:11.990418,46376
2018-12-11 23:58:21.991825,46376
2018-12-11 23:58:31.993095,46376
2018-12-11 23:58:41.990944,46376
2018-12-11 23:58:53.366320,46376
2018-12-11 23:59:01.988708,46544
2018-12-11 23:59:11.987755,46544
2018-12-11 23:59:21.987908,46544
2018-12-11 23:59:31.987686,46544
2018-12-11 23:59:41.987817,46544
2018-12-11 23:59:51.989231,46544
2018-12-12 00:00:02.013185,46544
2018-12-12 00:00:11.991017,46544
2018-12-12 00:00:23.110580,46544
2018-12-12 00:00:31.987809,46544
2018-12-12 00:00:41.986900,46544
2018-12-12 00:00:51.985996,46544
2018-12-12 00:01:01.987186,46544
2018-12-12 00:01:11.987842,46544
2018-12-12 00:01:21.987906,46544
2018-12-12 00:01:31.987805,46544
2018-12-12 00:01:41.985843,46544
2018-12-12 00:01:53.276200,46544
2018-12-12 00:02:01.984246,46520
2018-12-12 00:02:11.984644,46544
2018-12-12 00:02:21.983414,46544
2018-12-12 00:02:31.983989,46544
2018-12-12 00:02:41.995293,46544
2018-12-12 00:02:52.000667,46544
2018-12-12 00:03:01.983835,46544
2018-12-12 00:03:13.095779,46544
2018-12-12 00:03:21.984531,46544
2018-12-12 00:03:31.983052,46544
2018-12-12 00:03:41.983071,46544
2018-12-12 00:03:51.980787,46544
2018-12-12 00:04:01.983391,46544
2018-12-12 00:04:11.983274,46544
2018-12-12 00:04:21.983445,46544
2018-12-12 00:04:31.982750,46544
2018-12-12 00:04:41.980417,46544
2018-12-12 00:04:51.984728,46544
2018-12-12 00:05:01.994131,46544
2018-12-12 00:05:13.386035,46544
2018-12-12 00:05:21.979175,46544
2018-12-12 00:05:31.979881,46544
2018-12-12 00:05:43.206793,46544
2018-12-12 00:05:51.987222,46544
2018-12-12 00:06:02.010563,46544
2018-12-12 00:06:13.428398,46440
2018-12-12 00:06:21.979090,46544
2018-12-12 00:06:31.979034,46544
2018-12-12 00:06:43.224534,46544
2018-12-12 00:06:51.978831,46544
2018-12-12 00:07:01.983553,46544
2018-12-12 00:07:11.979240,46544
2018-12-12 00:07:23.231102,46544
2018-12-12 00:07:31.979387,46544
2018-12-12 00:07:41.976526,46544
2018-12-12 00:07:51.975493,46544
2018-12-12 00:08:01.978012,46544
2018-12-12 00:08:11.975669,46544
2018-12-12 00:08:21.975780,46544
2018-12-12 00:08:31.975885,46544
2018-12-12 00:08:41.975313,46544
2018-12-12 00:08:51.975477,46544
2018-12-12 00:09:02.005702,46544
2018-12-12 00:09:11.999212,46544
2018-12-12 00:09:21.975845,46544
2018-12-12 00:09:31.975414,46544
2018-12-12 00:09:42.020242,46544
2018-12-12 00:09:51.977352,46544
2018-12-12 00:10:01.975590,46544
2018-12-12 00:10:13.580230,46544
2018-12-12 00:10:22.003028,46544
2018-12-12 00:10:31.972432,46544
2018-12-12 00:10:41.971325,46544
2018-12-12 00:10:51.975699,46544
2018-12-12 00:11:01.985047,46544
2018-12-12 00:11:11.971229,46544
2018-12-12 00:11:21.971456,46544
2018-12-12 00:11:31.971229,46544
2018-12-12 00:11:41.970845,46544
2018-12-12 00:11:51.971548,46544
2018-12-12 00:12:02.023559,46544
2018-12-12 00:12:11.971179,46544
2018-12-12 00:12:21.971862,46544
2018-12-12 00:12:31.971367,46544
2018-12-12 00:12:41.968188,46544
2018-12-12 00:12:51.970837,46544
2018-12-12 00:13:01.972733,46544
2018-12-12 00:13:11.971486,46544
2018-12-12 00:13:21.997345,46544
2018-12-12 00:13:31.971660,46544
2018-12-12 00:13:41.968721,46544
2018-12-12 00:13:51.966684,46544
2018-12-12 00:14:01.971091,46544
2018-12-12 00:14:11.986863,46544
2018-12-12 00:14:23.183157,46544
2018-12-12 00:14:31.971094,46544
2018-12-12 00:14:41.966862,46544
2018-12-12 00:14:51.968201,46544
2018-12-12 00:15:01.967514,46544
2018-12-12 00:15:11.991524,46544
2018-12-12 00:15:21.998045,46440
2018-12-12 00:15:32.049216,46544
2018-12-12 00:15:50.925034,46544
2018-12-12 00:16:00.927213,46544
2018-12-12 00:16:10.923940,46544
2018-12-12 00:16:20.951415,46544
2018-12-12 00:16:30.963047,46544
2018-12-12 00:16:40.924034,46544
2018-12-12 00:16:51.971331,46544
2018-12-12 00:17:00.932222,46544
2018-12-12 00:17:12.346760,46544
2018-12-12 00:17:20.922650,46544
2018-12-12 00:17:30.923300,46544
2018-12-12 00:17:40.923573,46544
2018-12-12 00:17:52.242481,46544
2018-12-12 00:18:00.923527,46544
2018-12-12 00:18:10.925127,46544
2018-12-12 00:18:20.927057,46544
2018-12-12 00:18:30.927928,46544
2018-12-12 00:18:40.919654,46544
2018-12-12 00:18:50.926625,46544
2018-12-12 00:19:00.920231,46544
2018-12-12 00:19:10.919226,46544
2018-12-12 00:19:20.919859,46544
2018-12-12 00:19:30.919465,46544
2018-12-12 00:19:40.919416,46544
2018-12-12 00:19:50.918926,46544
2018-12-12 00:20:02.128271,46440
2018-12-12 00:20:10.919556,46544
2018-12-12 00:20:20.919174,46544
2018-12-12 00:20:30.927403,46544
2018-12-12 00:20:40.918988,46544
2018-12-12 00:20:50.943603,46544
2018-12-12 00:21:00.915644,46544
2018-12-12 00:21:12.325435,46544
2018-12-12 00:21:20.915512,46544
2018-12-12 00:21:30.954965,46544
2018-12-12 00:21:42.120521,46544
2018-12-12 00:21:50.923521,46544
2018-12-12 00:22:00.915422,46544
2018-12-12 00:22:11.919890,46544
2018-12-12 00:22:20.915909,46544
2018-12-12 00:22:30.914839,46544
2018-12-12 00:22:42.164389,46544
2018-12-12 00:22:50.914064,46544
2018-12-12 00:23:00.915345,46544
2018-12-12 00:23:10.915675,46544
2018-12-12 00:23:20.930620,46544
2018-12-12 00:23:30.914887,46544
2018-12-12 00:23:40.911751,46544
2018-12-12 00:23:50.913853,46544
2018-12-12 00:24:00.912060,46544
2018-12-12 00:24:12.216547,46544
2018-12-12 00:24:20.911513,46544
2018-12-12 00:24:30.918786,46544
2018-12-12 00:24:40.914044,46544
2018-12-12 00:24:50.949233,46544
2018-12-12 00:25:00.911296,46544
2018-12-12 00:25:12.176886,46544
2018-12-12 00:25:20.911132,46544
2018-12-12 00:25:30.912047,46544
2018-12-12 00:25:43.428183,46544
2018-12-12 00:25:50.909770,46544
2018-12-12 00:26:00.911624,46544
2018-12-12 00:26:10.908277,46544
2018-12-12 00:26:20.911778,46544
2018-12-12 00:26:30.915481,46544
2018-12-12 00:26:40.971307,46544
2018-12-12 00:26:50.907453,46544
2018-12-12 00:27:00.907156,46544
2018-12-12 00:27:22.438981,46376
2018-12-12 00:27:32.427281,46376
2018-12-12 00:27:42.431126,46376
2018-12-12 00:27:52.431061,46376
2018-12-12 00:28:02.435481,46376
2018-12-12 00:28:13.739042,46376
2018-12-12 00:28:22.435566,46376
2018-12-12 00:28:32.428382,46376
2018-12-12 00:28:42.427426,46376
2018-12-12 00:28:52.426841,46376
2018-12-12 00:29:03.707003,46376
2018-12-12 00:29:12.429216,46544
2018-12-12 00:29:22.423163,46544
2018-12-12 00:29:32.426196,46544
2018-12-12 00:29:42.423621,46544
2018-12-12 00:29:52.467874,46544
2018-12-12 00:30:02.422926,46544
2018-12-12 00:30:12.428828,46544
2018-12-12 00:30:23.497772,46544
2018-12-12 00:30:32.461062,46544
2018-12-12 00:30:42.423495,46544
2018-12-12 00:30:52.423207,46544
2018-12-12 00:31:02.420507,46544
2018-12-12 00:31:12.427169,46544
2018-12-12 00:31:22.459194,46544
2018-12-12 00:31:32.422677,46544
2018-12-12 00:31:42.433511,46544
2018-12-12 00:31:52.419348,46544
2018-12-12 00:32:02.443634,46544
2018-12-12 00:32:13.688430,46544
2018-12-12 00:32:22.419137,46544
2018-12-12 00:32:34.464635,46544
2018-12-12 00:32:42.419225,46544
2018-12-12 00:32:52.420405,46544
2018-12-12 00:33:02.500228,46544
2018-12-12 00:33:12.423144,46544
2018-12-12 00:33:22.419066,46544
2018-12-12 00:33:32.415821,46544
2018-12-12 00:33:42.418768,46544
2018-12-12 00:33:52.415588,46544
2018-12-12 00:34:02.472264,46544
2018-12-12 00:34:12.418738,46544
2018-12-12 00:34:22.467828,46544
2018-12-12 00:34:32.415721,46544
2018-12-12 00:34:42.415493,46544
2018-12-12 00:34:53.948229,46544
2018-12-12 00:35:02.416190,46544
2018-12-12 00:35:12.428956,46544
2018-12-12 00:35:22.415292,46544
2018-12-12 00:35:32.417032,46544
2018-12-12 00:35:42.431772,46544
2018-12-12 00:35:52.415390,46544
2018-12-12 00:36:02.415059,46544
2018-12-12 00:36:12.414792,46544
2018-12-12 00:36:22.415534,46440
2018-12-12 00:36:32.415742,46544
2018-12-12 00:36:43.790095,46544
2018-12-12 00:36:52.412791,46544
2018-12-12 00:37:02.420601,46544
2018-12-12 00:37:12.414717,46520
2018-12-12 00:37:22.415542,46544
2018-12-12 00:37:32.412621,46544
2018-12-12 00:37:42.411150,46544
2018-12-12 00:37:52.411194,46544
2018-12-12 00:38:02.411097,46544
2018-12-12 00:38:12.427016,46544
2018-12-12 00:38:22.410843,46544
2018-12-12 00:38:32.411343,46544
2018-12-12 00:38:42.411562,46544
2018-12-12 00:38:52.408576,46544
2018-12-12 00:39:02.449745,46544
2018-12-12 00:39:12.407608,46544
2018-12-12 00:39:22.407487,46544
2018-12-12 00:39:32.411614,46544
2018-12-12 00:39:42.408154,46544
2018-12-12 00:39:52.409208,46544
2018-12-12 00:40:02.407729,46544
2018-12-12 00:40:12.407175,46544
2018-12-12 00:40:22.423212,46544
2018-12-12 00:40:32.407231,46544
2018-12-12 00:40:42.407716,46544
2018-12-12 00:40:52.423908,46544
2018-12-12 00:41:03.517160,46440
2018-12-12 00:41:12.413399,46544
2018-12-12 00:41:22.407559,46544
2018-12-12 00:41:32.407431,46544
2018-12-12 00:41:42.407117,46544
2018-12-12 00:41:53.811245,46544
2018-12-12 00:42:02.405020,46544
2018-12-12 00:42:12.403753,46544
2018-12-12 00:42:22.404878,46544
2018-12-12 00:42:32.403712,46544
2018-12-12 00:42:42.403316,46544
2018-12-12 00:42:52.407374,46544
2018-12-12 00:43:02.402627,46544
2018-12-12 00:43:13.977874,46544
2018-12-12 00:43:23.453021,46544
2018-12-12 00:43:32.404046,46544
2018-12-12 00:43:42.400993,46544
2018-12-12 00:43:53.702308,46544
2018-12-12 00:44:02.402955,46544
2018-12-12 00:44:12.402949,46544
2018-12-12 00:44:22.402946,46544
2018-12-12 00:44:32.403876,46544
2018-12-12 00:44:42.414509,46544
2018-12-12 00:44:53.748059,46544
2018-12-12 00:45:02.399875,46544
2018-12-12 00:45:12.399814,46544
2018-12-12 00:45:23.618549,46544
2018-12-12 00:45:32.399368,46544
2018-12-12 00:45:43.820374,46544
2018-12-12 00:45:52.398896,46544
2018-12-12 00:46:03.415861,46544
2018-12-12 00:46:12.398920,46544
2018-12-12 00:46:22.396244,46544
2018-12-12 00:46:32.395870,46544
2018-12-12 00:46:43.759574,46544
2018-12-12 00:46:52.407063,46544
2018-12-12 00:47:02.397531,46544
2018-12-12 00:47:12.395767,46544
2018-12-12 00:47:22.403581,46544
2018-12-12 00:47:32.395739,46544
2018-12-12 00:47:42.395635,46544
2018-12-12 00:47:52.395667,46544
2018-12-12 00:48:02.450678,46544
2018-12-12 00:48:12.395940,46544
2018-12-12 00:48:22.434864,46544
2018-12-12 00:48:32.403347,46544
2018-12-12 00:48:42.399865,46544
2018-12-12 00:48:52.395459,46544
2018-12-12 00:49:02.395395,46544
2018-12-12 00:49:12.393079,46544
2018-12-12 00:49:22.396408,46544
2018-12-12 00:49:32.411364,46544
2018-12-12 00:49:42.392322,46544
2018-12-12 00:49:52.394628,46544
2018-12-12 00:50:02.437257,46544
2018-12-12 00:50:12.391556,46544
2018-12-12 00:50:22.411964,46544
2018-12-12 00:50:32.391244,46544
2018-12-12 00:50:42.424348,46544
2018-12-12 00:50:53.463959,46544
2018-12-12 00:51:02.392206,46544
2018-12-12 00:51:12.391786,46544
2018-12-12 00:51:22.391718,46544
2018-12-12 00:51:32.391205,46544
2018-12-12 00:51:42.390888,46544
2018-12-12 00:51:52.395742,46544
2018-12-12 00:52:02.388096,46544
2018-12-12 00:52:12.388016,46544
2018-12-12 00:52:23.738220,46544
2018-12-12 00:52:33.753563,46544
2018-12-12 00:52:42.399585,46544
2018-12-12 00:52:52.403106,46544
2018-12-12 00:53:03.433773,46544
2018-12-12 00:53:12.387641,46520
2018-12-12 00:53:23.824475,46544
2018-12-12 00:53:32.387301,46544
2018-12-12 00:53:42.390932,46544
2018-12-12 00:53:52.388710,46544
2018-12-12 00:54:03.697861,46544
2018-12-12 00:54:12.385046,46544
2018-12-12 00:54:22.386035,46544
2018-12-12 00:54:32.384616,46544
2018-12-12 00:54:42.405025,46544
2018-12-12 00:54:52.388539,46544
2018-12-12 00:55:03.864707,46544
2018-12-12 00:55:12.418794,46544
2018-12-12 00:55:22.391537,46544
2018-12-12 00:55:32.451369,46544
2018-12-12 00:55:42.391514,46544
2018-12-12 00:55:52.383004,46544
2018-12-12 00:56:02.383424,46544
2018-12-12 00:56:12.384587,46544
2018-12-12 00:56:22.383609,46544
2018-12-12 00:56:32.383001,46544
2018-12-12 00:56:42.387339,46544
2018-12-12 00:56:52.383057,46544
2018-12-12 00:57:02.383305,46544
2018-12-12 00:57:12.379880,46544
2018-12-12 00:57:33.113158,46376
2018-12-12 00:57:44.284757,46376
2018-12-12 00:57:53.080570,46376
2018-12-12 00:58:03.083328,46376
2018-12-12 00:58:13.082686,46376
2018-12-12 00:58:23.079616,46376
2018-12-12 00:58:33.081324,46376
2018-12-12 00:58:43.080240,46376
2018-12-12 00:58:53.090586,46376
2018-12-12 00:59:03.079585,46376
2018-12-12 00:59:13.082717,46376
2018-12-12 00:59:24.267444,46544
2018-12-12 00:59:33.079427,46544
2018-12-12 00:59:43.079451,46544
2018-12-12 00:59:53.087654,46544
2018-12-12 01:00:04.117920,46544
2018-12-12 01:00:13.079246,46544
2018-12-12 01:00:23.077517,46544
2018-12-12 01:00:33.078843,46544
2018-12-12 01:00:43.076539,46544
2018-12-12 01:00:53.082610,46544
2018-12-12 01:01:04.208560,46544
2018-12-12 01:01:13.095385,46544
2018-12-12 01:01:23.076192,46544
2018-12-12 01:01:33.075690,46544
2018-12-12 01:01:43.075552,46544
2018-12-12 01:01:53.075165,46544
2018-12-12 01:02:03.076481,46544
2018-12-12 01:02:13.075548,46544
2018-12-12 01:02:23.075142,46544
2018-12-12 01:02:33.115464,46544
2018-12-12 01:02:43.075279,46544
2018-12-12 01:02:54.076024,46544
2018-12-12 01:03:03.075349,46544
2018-12-12 01:03:13.075659,46544
2018-12-12 01:03:23.075886,46544
2018-12-12 01:03:33.072479,46544
2018-12-12 01:03:43.084396,46544
2018-12-12 01:03:54.167681,46544
2018-12-12 01:04:03.073891,46544
2018-12-12 01:04:13.075311,46544
2018-12-12 01:04:23.072218,46544
2018-12-12 01:04:33.071310,46544
2018-12-12 01:04:43.070940,46544
2018-12-12 01:04:54.362972,46544
2018-12-12 01:05:03.072008,46544
2018-12-12 01:05:13.070827,46544
2018-12-12 01:05:23.071198,46544
2018-12-12 01:05:33.071003,46544
2018-12-12 01:05:43.082718,46544
2018-12-12 01:05:55.081920,46544
2018-12-12 01:06:04.131115,46544
2018-12-12 01:06:13.069857,46544
2018-12-12 01:06:23.068068,46544
2018-12-12 01:06:33.068065,46544
2018-12-12 01:06:43.067449,46544
2018-12-12 01:06:53.067793,46544
2018-12-12 01:07:03.068169,46544
2018-12-12 01:07:13.067516,46544
2018-12-12 01:07:23.067640,46544
2018-12-12 01:07:33.067366,46544
2018-12-12 01:07:43.072010,46544
2018-12-12 01:07:53.066831,46544
2018-12-12 01:08:03.068390,46544
2018-12-12 01:08:13.072162,46544
2018-12-12 01:08:23.067115,46544
2018-12-12 01:08:34.318829,46544
2018-12-12 01:08:43.067605,46544
2018-12-12 01:08:53.070701,46544
2018-12-12 01:09:03.063703,46544
2018-12-12 01:09:13.066978,46544
2018-12-12 01:09:23.063436,46544
2018-12-12 01:09:33.095753,46544
2018-12-12 01:09:43.063465,46544
2018-12-12 01:09:54.436679,46544
2018-12-12 01:10:04.110557,46544
2018-12-12 01:10:13.065131,46544
2018-12-12 01:10:23.067265,46544
2018-12-12 01:10:33.062815,46544
2018-12-12 01:10:43.062063,46544
2018-12-12 01:10:53.063098,46544
2018-12-12 01:11:03.095576,46440
2018-12-12 01:11:13.063350,46544
2018-12-12 01:11:23.059787,46544
2018-12-12 01:11:33.091770,46544
2018-12-12 01:11:44.525618,46544
2018-12-12 01:11:53.059583,46544
2018-12-12 01:12:03.059995,46544
2018-12-12 01:12:13.089858,46544
2018-12-12 01:12:23.059602,46544
2018-12-12 01:12:33.059396,46544
2018-12-12 01:12:43.060160,46544
2018-12-12 01:12:53.090622,46544
2018-12-12 01:13:03.058869,46544
2018-12-12 01:13:13.061369,46544
2018-12-12 01:13:23.059975,46544
2018-12-12 01:13:33.072434,46544
