timestamp,soil_1
2018-12-10 01:41:56.094088,1023
2018-12-10 01:42:01.082386,1023
2018-12-10 01:42:06.030130,1023
2018-12-10 01:42:11.026836,1023
2018-12-10 01:42:16.029717,1023
2018-12-10 01:42:21.044599,1023
2018-12-10 01:42:26.070545,1023
2018-12-10 01:42:31.027549,1023
2018-12-10 01:42:36.031182,1023
2018-12-10 01:42:41.032292,1023
2018-12-10 01:42:46.028439,1023
2018-12-10 01:42:51.027314,1023
2018-12-10 01:42:56.071080,1023
2018-12-10 01:43:01.027905,1023
2018-12-10 01:43:06.028673,1023
2018-12-10 01:43:11.024918,1023
2018-12-10 01:43:16.072737,1023
2018-12-10 01:43:21.026104,1023
2018-12-10 01:43:26.029405,1023
2018-12-10 02:26:00.298470,1023
2018-12-10 02:26:05.251975,1023
2018-12-10 02:26:10.254436,1023
2018-12-10 02:26:15.251620,1023
2018-12-10 02:26:20.294117,1023
2018-12-10 02:26:25.251507,1023
2018-12-10 02:26:30.299164,1023
2018-12-10 02:26:35.250668,1023
2018-12-10 02:28:20.929574,1023
2018-12-10 02:28:25.884860,1023
2018-12-10 02:28:30.926754,1023
2018-12-10 02:28:35.884699,1023
2018-12-10 02:28:40.887003,1023
2018-12-10 02:28:45.884760,1023
2018-12-10 02:28:50.929480,1023
2018-12-10 02:28:55.884001,1023
2018-12-10 02:29:00.926070,1023
2018-12-10 02:29:05.884582,1023
2018-12-10 02:29:10.932349,1023
2018-12-10 02:29:15.918349,1023
2018-12-10 02:29:20.885254,1023
2018-12-10 02:29:25.883968,1023
2018-12-10 02:29:30.925850,1023
2018-12-10 02:29:35.904577,1023
2018-12-10 02:30:48.610605,1023
2018-12-10 02:30:53.564808,1023
2018-12-10 02:30:58.566268,1023
2018-12-10 02:31:03.564646,1023
2018-12-10 02:31:08.567558,1023
2018-12-10 02:31:13.565050,1023
2018-12-10 02:31:18.617328,1023
2018-12-10 02:31:23.573019,1023
2018-12-10 02:31:28.565729,1023
2018-12-10 02:40:31.738710,1023
2018-12-10 02:40:36.694429,1023
2018-12-10 02:40:41.696821,1023
2018-12-10 02:43:58.399284,1023
2018-12-10 02:44:03.354112,1023
2018-12-10 02:44:08.398505,1023
2018-12-10 02:44:13.353077,1023
2018-12-10 02:44:18.359083,1023
2018-12-10 02:44:23.353296,1023
2018-12-10 02:44:28.397295,1023
2018-12-10 02:44:33.353023,1023
2018-12-10 02:44:38.353810,1023
2018-12-10 02:44:43.352797,1023
2018-12-10 02:44:48.397479,1023
2018-12-10 02:44:53.351769,1023
2018-12-10 02:44:58.397932,1023
2018-12-10 02:45:03.352925,1023
2018-12-10 02:52:36.597955,1023
2018-12-10 02:52:41.598938,1023
2018-12-10 02:52:46.597589,1023
2018-12-10 02:52:51.643014,1023
2018-12-10 02:52:56.598392,1023
2018-12-10 03:01:20.231498,1023
2018-12-10 03:01:25.278790,1023
2018-12-10 03:01:30.231936,1023
2018-12-10 03:01:35.233390,1023
2018-12-10 03:01:40.230879,1023
2018-12-10 03:01:45.235543,1023
2018-12-10 03:01:50.231146,1023
2018-12-10 03:01:55.238090,1023
2018-12-10 03:02:00.231079,1023
2018-12-10 03:02:05.232776,1023
2018-12-10 03:02:10.236483,1023
2018-12-10 03:02:15.232190,1023
2018-12-10 03:02:20.230347,1023
2018-12-10 03:02:25.239302,1023
2018-12-10 03:02:30.230162,1023
2018-12-10 03:02:35.250463,1023
2018-12-10 03:02:40.229825,1023
2018-12-10 03:02:45.234835,1023
2018-12-10 03:02:50.229081,1023
2018-12-10 03:02:55.273409,1023
2018-12-10 03:03:00.233286,1023
2018-12-10 03:03:07.266607,1023
2018-12-10 03:03:12.219268,1023
2018-12-10 03:03:17.261484,1023
2018-12-10 03:03:22.218636,1023
2018-12-10 03:03:27.220466,1023
2018-12-10 03:03:32.218838,1023
2018-12-10 03:03:37.263616,1023
2018-12-10 03:03:42.218379,1023
2018-12-10 03:03:47.220318,1023
2018-12-10 03:03:52.218560,1023
2018-12-10 03:03:57.220117,1023
2018-12-10 03:04:02.219113,1023
2018-12-10 03:04:07.227155,1023
2018-12-10 03:04:12.220751,1023
2018-12-10 03:04:17.219722,1023
2018-12-10 03:04:22.217835,1023
2018-12-10 03:04:27.219592,1023
2018-12-10 03:04:32.216925,1023
2018-12-10 03:04:37.221519,1023
2018-12-10 03:04:42.216743,1023
2018-12-10 03:04:47.219057,1023
2018-12-10 03:04:52.217384,1023
2018-12-10 03:16:07.275001,1023
2018-12-10 03:16:12.325730,1023
2018-12-10 03:16:17.274087,1023
2018-12-10 03:16:22.278824,1023
2018-12-11 00:48:13.263203,1023
2018-12-11 00:51:28.256610,1023
2018-12-11 00:51:33.255908,1023
2018-12-11 00:51:38.253066,1023
2018-12-11 00:51:43.255180,1023
2018-12-11 00:51:48.297611,1023
2018-12-11 00:51:53.254823,1023
2018-12-11 01:45:05.100367,1023
2018-12-11 01:45:10.096788,1023
2018-12-11 01:45:15.147158,1023
2018-12-11 01:45:20.120058,1023
2018-12-11 01:45:25.097056,1023
2018-12-11 01:45:30.165088,1023
2018-12-11 01:45:35.097072,1023
2018-12-11 01:45:40.103474,1023
2018-12-11 01:45:45.096989,1023
2018-12-11 01:45:50.142821,1023
2018-12-11 01:45:55.096646,1023
2018-12-11 01:46:00.102622,1023
2018-12-11 01:46:05.097025,1023
2018-12-11 01:46:10.108391,1023
2018-12-11 01:46:15.095907,1023
2018-12-11 01:46:20.143208,1023
2018-12-11 01:46:25.099046,1023
2018-12-11 01:46:30.096015,1023
2018-12-11 01:46:35.095974,1023
2018-12-11 01:46:40.093907,1023
2018-12-11 01:46:45.096493,1023
2018-12-11 01:46:50.153033,1023
2018-12-11 01:46:55.143932,1023
2018-12-11 01:47:00.092955,1023
2018-12-11 01:47:05.095302,1023
2018-12-11 01:47:10.101887,1023
2018-12-11 01:47:15.095194,1023
2018-12-11 01:47:20.175942,1023
2018-12-11 01:47:25.098918,1023
2018-12-11 01:47:30.101455,1023
2018-12-11 01:47:35.095828,1023
2018-12-11 01:47:40.143974,1023
2018-12-11 01:47:45.093834,1023
2018-12-11 01:47:50.133375,1023
2018-12-11 01:47:55.093792,1023
2018-12-11 01:48:00.095260,1023
2018-12-11 01:48:05.128211,1023
2018-12-11 01:48:10.094228,1023
2018-12-11 01:48:15.093136,1023
2018-12-11 01:48:20.149884,1023
2018-12-11 01:48:25.092549,1023
2018-12-11 05:48:47.286803,99.9023
2018-12-11 05:48:52.260802,99.9023
2018-12-11 05:55:07.246825,99.9023
2018-12-11 05:55:12.247058,99.9023
2018-12-11 05:55:17.243541,99.9023
2018-12-11 05:55:22.243716,99.9023
2018-12-11 05:55:27.240925,99.9023
2018-12-11 05:55:32.243441,99.9023
2018-12-11 05:55:37.287288,99.9023
2018-12-11 05:59:02.240624,99.9023
2018-12-11 05:59:07.236712,99.9023
2018-12-11 05:59:12.239178,99.9023
2018-12-11 05:59:17.236990,99.9023
2018-12-11 05:59:22.239092,99.9023
2018-12-11 05:59:27.236621,99.9023
2018-12-11 05:59:32.238790,99.9023
2018-12-11 05:59:37.255393,99.9023
2018-12-11 05:59:42.240576,99.9023
2018-12-11 05:59:47.237846,99.9023
2018-12-11 05:59:52.238533,99.9023
2018-12-11 05:59:57.252780,99.9023
2018-12-11 06:00:02.238122,99.9023
2018-12-11 06:00:58.777599,99.9023
2018-12-11 06:01:03.775776,99.9023
2018-12-11 06:01:08.817463,99.9023
2018-12-11 06:01:13.776041,99.9023
2018-12-11 06:01:18.776308,99.9023
2018-12-11 06:01:23.775476,99.9023
2018-12-11 06:01:28.794860,99.9023
2018-12-11 06:01:33.777113,99.9023
2018-12-11 06:01:38.817295,99.9023
2018-12-11 06:01:43.777734,99.9023
2018-12-11 06:01:48.775962,99.9023
2018-12-11 06:01:53.774750,99.9023
2018-12-11 06:01:58.773299,99.9023
2018-12-11 06:02:03.774588,99.9023
2018-12-11 06:02:08.775169,6378.0273
2018-12-11 06:25:08.026849,99.9023
2018-12-11 06:25:13.025618,99.9023
2018-12-11 06:26:08.026795,99.9023
2018-12-11 06:26:13.022716,99.9023
2018-12-11 06:26:53.022548,99.9023
2018-12-11 06:27:18.028231,99.9023
2018-12-11 06:27:23.022471,99.9023
2018-12-11 06:27:28.023715,99.9023
2018-12-11 06:27:33.020948,99.9023
2018-12-11 06:27:38.065769,99.9023
2018-12-11 06:27:43.020838,99.9023
2018-12-11 06:34:39.545621,99.9023
2018-12-11 06:34:44.543749,99.9023
2018-12-11 06:34:49.590311,99.9023
2018-12-11 06:34:54.543691,99.9023
2018-12-11 06:34:59.548595,99.9023
2018-12-11 06:35:05.167288,99.9023
2018-12-11 06:35:10.122081,99.9023
2018-12-11 06:35:15.125232,99.9023
2018-12-11 06:35:20.122294,99.9023
2018-12-11 06:38:00.157222,99.9023
2018-12-11 06:38:05.161919,99.9023
2018-12-11 06:38:10.118259,99.9023
2018-12-11 06:38:15.119741,99.9023
2018-12-11 06:40:50.114657,99.9023
2018-12-11 06:40:55.116344,99.9023
2018-12-11 06:41:00.114412,99.9023
2018-12-11 06:41:05.116425,99.9023
2018-12-11 06:41:10.113600,99.9023
2018-12-11 06:41:15.166369,99.9023
2018-12-11 06:41:20.113728,99.9023
2018-12-11 06:41:25.115959,99.9023
2018-12-11 06:41:30.112902,99.9023
2018-12-11 06:41:35.157782,99.9023
2018-12-11 06:42:00.112995,99.9023
2018-12-11 06:42:05.114614,99.9023
2018-12-11 06:43:50.110742,99.9023
2018-12-11 06:43:55.125389,99.9023
2018-12-11 06:44:00.110211,99.9023
2018-12-11 06:49:53.163994,99.9023
2018-12-11 06:51:28.205518,99.9023
2018-12-11 07:04:37.855372,99.9023
2018-12-11 07:04:42.851877,99.9023
2018-12-11 07:04:47.854102,99.9023
2018-12-11 07:04:52.851274,99.9023
2018-12-11 07:04:57.851489,99.9023
2018-12-11 07:05:32.848899,99.9023
2018-12-11 07:05:37.850946,99.9023
2018-12-11 21:41:56.951244,99.9023
2018-12-11 21:42:01.993784,99.9023
2018-12-11 21:42:06.951071,99.9023
2018-12-11 21:42:11.948812,99.9023
2018-12-11 21:42:16.959443,99.9023
2018-12-11 21:42:21.951876,99.9023
2018-12-11 21:42:26.951363,99.9023
2018-12-11 21:42:32.021048,99.9023
2018-12-11 21:42:36.951408,99.9023
2018-12-11 21:42:41.952650,99.9023
2018-12-11 21:42:46.951250,99.9023
2018-12-11 21:42:51.953322,99.9023
2018-12-11 21:42:56.951145,99.9023
2018-12-11 21:43:01.979500,99.9023
2018-12-11 21:43:06.948661,99.9023
2018-12-11 21:43:11.989447,99.9023
2018-12-11 21:43:16.948627,99.9023
2018-12-11 21:43:21.947577,99.9023
2018-12-11 21:43:26.949810,99.9023
2018-12-11 21:43:31.949451,99.9023
2018-12-11 21:43:36.948626,99.9023
2018-12-11 21:43:41.949002,99.9023
2018-12-11 21:43:46.948196,99.9023
2018-12-11 21:43:51.953828,99.9023
2018-12-11 21:43:56.947921,99.9023
2018-12-11 21:44:01.990359,99.9023
2018-12-11 21:44:06.947856,99.9023
2018-12-11 21:44:11.946449,99.9023
2018-12-11 21:44:16.948935,99.9023
2018-12-11 21:44:21.950836,99.9023
2018-12-11 21:44:26.950518,99.9023
2018-12-11 21:44:32.023370,99.9023
2018-12-11 21:44:36.947541,99.9023
2018-12-11 21:44:41.945130,99.9023
2018-12-11 21:44:46.947131,99.9023
2018-12-11 21:44:51.953525,99.9023
2018-12-11 21:44:56.948431,99.9023
2018-12-11 21:45:02.029853,99.9023
2018-12-11 21:45:06.948155,99.9023
2018-12-11 21:45:11.953183,99.9023
2018-12-11 21:45:16.948843,99.9023
2018-12-11 21:45:21.949846,99.9023
2018-12-11 21:45:26.946749,99.9023
2018-12-11 21:45:31.986994,99.9023
2018-12-11 21:45:36.952179,99.9023
2018-12-11 21:45:41.949061,99.9023
2018-12-11 21:45:46.945108,99.9023
2018-12-11 21:45:51.943953,99.9023
2018-12-11 21:45:56.944851,99.9023
2018-12-11 21:46:01.988672,99.9023
2018-12-11 21:46:06.951212,99.9023
2018-12-11 21:46:11.947506,99.9023
2018-12-11 21:46:16.944227,99.9023
2018-12-11 21:46:21.987391,99.9023
2018-12-11 21:46:26.947608,99.9023
2018-12-11 21:46:31.944557,99.9023
2018-12-11 21:46:36.944508,99.9023
2018-12-11 21:46:41.948477,99.9023
2018-12-11 21:46:46.947105,99.9023
2018-12-11 21:46:51.986424,99.9023
2018-12-11 21:46:56.945002,99.9023
2018-12-11 21:47:01.941476,99.9023
2018-12-11 21:47:06.942934,99.9023
2018-12-11 21:47:11.998756,99.9023
2018-12-11 21:47:16.944700,99.9023
2018-12-11 21:47:21.987685,99.9023
2018-12-11 21:47:26.944008,99.9023
2018-12-11 21:47:31.941430,99.9023
2018-12-11 21:47:36.943490,99.9023
2018-12-11 21:47:41.980340,99.9023
2018-12-11 21:47:46.946757,99.9023
2018-12-11 21:47:52.008722,99.9023
2018-12-11 21:47:56.942645,99.9023
2018-12-11 21:48:01.941777,99.9023
2018-12-11 21:48:06.941791,99.9023
2018-12-11 21:48:11.941199,99.9023
2018-12-11 21:48:16.940820,99.9023
2018-12-11 21:48:21.981271,99.9023
2018-12-11 21:48:26.940633,99.9023
2018-12-11 21:48:31.943198,99.9023
2018-12-11 21:48:36.940640,99.9023
2018-12-11 21:48:41.955345,99.9023
2018-12-11 21:48:46.941215,99.9023
2018-12-11 21:48:51.985212,99.9023
2018-12-11 21:48:56.940378,99.9023
2018-12-11 21:49:01.939656,99.9023
2018-12-11 21:49:06.980648,99.9023
2018-12-11 21:49:11.939860,99.9023
2018-12-11 21:49:16.940253,99.9023
2018-12-11 21:49:21.981016,99.9023
2018-12-11 21:49:26.940296,99.9023
2018-12-11 21:49:31.938899,99.9023
2018-12-11 21:49:36.939538,99.9023
2018-12-11 21:49:41.945310,99.9023
2018-12-11 21:49:46.940181,99.9023
2018-12-11 21:49:51.981181,99.9023
2018-12-11 21:49:56.939744,99.9023
2018-12-11 21:50:01.942100,99.9023
2018-12-11 21:50:06.940563,99.9023
2018-12-11 21:50:11.937122,99.9023
2018-12-11 21:50:16.939248,99.9023
2018-12-11 21:50:21.983810,99.9023
2018-12-11 21:50:26.943962,99.9023
2018-12-11 21:50:31.936895,99.9023
2018-12-11 21:50:36.939071,99.9023
2018-12-11 21:50:41.939560,99.9023
2018-12-11 21:50:46.940141,99.9023
2018-12-11 21:50:51.980405,99.9023
2018-12-11 21:50:56.937626,99.9023
2018-12-11 21:51:01.940710,99.9023
2018-12-11 21:51:06.946638,99.9023
2018-12-11 21:51:11.940939,99.9023
2018-12-11 21:51:16.938614,99.9023
2018-12-11 21:51:21.979405,99.9023
2018-12-11 21:51:26.936507,99.9023
2018-12-11 21:51:31.938934,99.9023
2018-12-11 21:51:36.942958,99.9023
2018-12-11 21:51:41.942522,99.9023
2018-12-11 21:51:46.936113,99.9023
2018-12-11 21:51:51.981735,99.9023
2018-12-11 21:51:56.935459,99.9023
2018-12-11 21:52:01.936315,99.9023
2018-12-11 21:52:06.935099,99.9023
2018-12-11 21:52:11.936485,99.9023
2018-12-11 21:52:16.938669,99.9023
2018-12-11 21:52:21.976679,99.9023
2018-12-11 21:52:26.936048,99.9023
2018-12-11 21:52:31.933717,99.9023
2018-12-11 21:52:36.936630,99.9023
2018-12-11 21:52:41.991307,99.9023
2018-12-11 21:52:46.935334,99.9023
2018-12-11 21:52:51.933828,99.9023
2018-12-11 21:52:56.935327,99.9023
2018-12-11 21:53:01.940613,99.9023
2018-12-11 21:53:06.935314,99.9023
2018-12-11 21:53:11.976390,99.9023
2018-12-11 21:53:16.943955,99.9023
2018-12-11 21:53:21.935121,99.9023
2018-12-11 21:53:26.932609,99.9023
2018-12-11 21:53:31.940421,99.9023
2018-12-11 21:53:36.935247,99.9023
2018-12-11 21:53:41.978756,99.9023
2018-12-11 21:53:46.934628,99.9023
2018-12-11 21:53:51.931038,99.9023
2018-12-11 21:53:56.964511,99.9023
2018-12-11 21:54:01.951518,99.9023
2018-12-11 21:54:06.932995,99.9023
2018-12-11 21:54:11.976478,99.9023
2018-12-11 21:54:16.932925,99.9023
2018-12-11 21:54:21.932214,99.9023
2018-12-11 21:54:26.932130,99.9023
2018-12-11 21:54:31.957592,99.9023
2018-12-11 21:54:36.931810,99.9023
2018-12-11 21:54:41.980253,99.9023
2018-12-11 21:54:46.931836,99.9023
2018-12-11 21:54:51.934613,99.9023
2018-12-11 21:54:56.934771,99.9023
2018-12-11 21:55:01.932231,99.9023
2018-12-11 21:55:06.931160,99.9023
2018-12-11 21:55:12.009505,99.9023
2018-12-11 21:55:16.930832,99.9023
2018-12-11 21:55:21.931099,99.9023
2018-12-11 21:55:26.932708,6375.6836
2018-12-11 21:55:31.930918,99.9023
2018-12-11 21:55:36.931043,99.9023
2018-12-11 21:55:41.978370,99.9023
2018-12-11 21:55:46.931122,99.9023
2018-12-11 21:55:51.928581,99.9023
2018-12-11 21:55:56.930552,99.9023
2018-12-11 21:56:01.939406,99.9023
2018-12-11 21:56:06.931280,99.9023
2018-12-11 21:56:11.968585,99.9023
2018-12-11 21:56:22.460025,99.9023
2018-12-11 21:56:27.412066,99.9023
2018-12-11 21:56:32.412248,99.9023
2018-12-11 21:56:37.411856,99.9023
2018-12-11 21:56:42.411528,99.9023
2018-12-11 21:56:47.412421,99.9023
2018-12-11 21:56:52.493286,99.9023
2018-12-11 21:56:57.411133,99.9023
2018-12-11 21:57:02.409857,99.9023
2018-12-11 21:57:07.410963,99.9023
2018-12-11 21:57:12.412571,99.9023
2018-12-11 21:57:17.411075,99.9023
2018-12-11 21:57:22.456877,99.9023
2018-12-11 21:57:27.412509,99.9023
2018-12-11 21:57:32.414614,99.9023
2018-12-11 21:57:37.414112,99.9023
2018-12-11 21:57:42.415635,99.9023
2018-12-11 21:57:47.412992,99.9023
2018-12-11 21:57:52.481676,99.9023
2018-12-11 21:57:57.409618,99.9023
2018-12-11 21:58:02.417088,99.9023
2018-12-11 21:58:07.411279,99.9023
2018-12-11 21:58:12.608898,99.9023
2018-12-11 21:58:17.408892,99.9023
2018-12-11 21:58:22.407858,99.9023
2018-12-11 21:58:27.416107,99.9023
2018-12-11 21:58:32.415468,99.9023
2018-12-11 21:58:37.411360,99.9023
2018-12-11 21:58:42.521609,99.9023
2018-12-11 21:58:47.408169,99.9023
2018-12-11 21:58:52.407304,99.9023
2018-12-11 21:58:57.422610,99.9023
2018-12-11 21:59:02.414382,99.9023
2018-12-11 21:59:07.417355,99.9023
2018-12-11 21:59:12.551521,99.9023
2018-12-11 21:59:17.408466,99.9023
2018-12-11 21:59:22.425193,99.9023
2018-12-11 21:59:27.408852,99.9023
2018-12-11 21:59:32.410896,99.9023
2018-12-11 21:59:37.407956,99.9023
2018-12-11 21:59:42.451792,99.9023
2018-12-11 21:59:47.412513,99.9023
2018-12-11 21:59:52.450669,99.9023
2018-12-11 21:59:57.408642,99.9023
2018-12-11 22:00:02.415565,99.9023
2018-12-11 22:00:07.427694,99.9023
2018-12-11 22:00:12.480360,99.9023
2018-12-11 22:00:17.407329,99.9023
2018-12-11 22:00:22.405199,99.9023
2018-12-11 22:00:27.405662,99.9023
2018-12-11 22:00:32.423017,99.9023
2018-12-11 22:00:37.406644,99.9023
2018-12-11 22:00:42.445023,99.9023
2018-12-11 22:00:47.407501,99.9023
2018-12-11 22:00:52.409144,99.9023
2018-12-11 22:00:57.404643,99.9023
2018-12-11 22:01:02.405845,99.9023
2018-12-11 22:01:07.404742,99.9023
2018-12-11 22:01:12.440374,99.9023
2018-12-11 22:01:17.444795,99.9023
2018-12-11 22:01:22.404256,99.9023
2018-12-11 22:01:27.403988,99.9023
2018-12-11 22:01:32.445272,99.9023
2018-12-11 22:01:37.404142,99.9023
2018-12-11 22:01:42.412567,99.9023
2018-12-11 22:01:47.404971,99.9023
2018-12-11 22:01:52.441140,99.9023
2018-12-11 22:01:57.404614,99.9023
2018-12-11 22:02:02.445852,99.9023
2018-12-11 22:02:07.403409,99.9023
2018-12-11 22:02:12.403671,99.9023
2018-12-11 22:02:17.403452,99.9023
2018-12-11 22:02:22.422599,99.9023
2018-12-11 22:02:27.403312,99.9023
2018-12-11 22:02:32.461870,99.9023
2018-12-11 22:02:37.403022,99.9023
2018-12-11 22:02:42.439881,99.9023
2018-12-11 22:02:47.402593,99.9023
2018-12-11 22:02:52.418360,99.9023
2018-12-11 22:02:57.402794,99.9023
2018-12-11 22:03:02.404755,99.9023
2018-12-11 22:03:07.401902,99.9023
2018-12-11 22:03:12.400391,99.9023
2018-12-11 22:03:17.401796,99.9023
2018-12-11 22:03:22.466579,99.9023
2018-12-11 22:03:27.400588,99.9023
2018-12-11 22:03:32.482010,99.9023
2018-12-11 22:03:37.400769,99.9023
2018-12-11 22:03:42.403854,99.9023
2018-12-11 22:03:47.400662,99.9023
2018-12-11 22:03:52.461420,99.9023
2018-12-11 22:03:57.404295,99.9023
2018-12-11 22:04:02.446997,99.9023
2018-12-11 22:04:07.400970,99.9023
2018-12-11 22:04:12.431344,99.9023
2018-12-11 22:04:17.400860,99.9023
2018-12-11 22:04:22.441879,99.9023
2018-12-11 22:04:27.400133,99.9023
2018-12-11 22:04:32.399870,99.9023
2018-12-11 22:04:37.399351,99.9023
2018-12-11 22:04:42.400431,99.9023
2018-12-11 22:04:47.400337,99.9023
2018-12-11 22:04:52.441125,99.9023
2018-12-11 22:04:57.403448,99.9023
2018-12-11 22:05:02.398990,99.9023
2018-12-11 22:05:07.400160,99.9023
2018-12-11 22:05:12.401085,99.9023
2018-12-11 22:05:17.397766,99.9023
2018-12-11 22:05:22.440946,99.9023
2018-12-11 22:05:27.399421,99.9023
2018-12-11 22:05:32.428511,99.9023
2018-12-11 22:05:37.398444,99.9023
2018-12-11 22:05:42.439488,99.9023
2018-12-11 22:05:47.396383,99.9023
2018-12-11 22:05:52.438511,99.9023
2018-12-11 22:05:57.396349,99.9023
2018-12-11 22:06:02.396058,99.9023
2018-12-11 22:06:07.398651,99.9023
2018-12-11 22:06:12.394966,99.9023
2018-12-11 22:06:17.396387,99.9023
2018-12-11 22:06:22.479322,99.9023
2018-12-11 22:06:27.396248,99.9023
2018-12-11 22:06:32.399260,99.9023
2018-12-11 22:06:37.397858,99.9023
2018-12-11 22:06:42.394871,99.9023
2018-12-11 22:06:47.396056,99.9023
2018-12-11 22:06:52.438667,99.9023
2018-12-11 22:06:57.396016,99.9023
2018-12-11 22:07:02.415907,99.9023
2018-12-11 22:07:07.395248,99.9023
2018-12-11 22:07:12.392859,99.9023
2018-12-11 22:07:17.395452,99.9023
2018-12-11 22:07:22.436795,99.9023
2018-12-11 22:07:27.394948,99.9023
2018-12-11 22:07:32.395049,99.9023
2018-12-11 22:07:37.395015,99.9023
2018-12-11 22:07:42.396665,99.9023
2018-12-11 22:07:47.394635,99.9023
2018-12-11 22:07:52.437265,99.9023
2018-12-11 22:07:57.394771,99.9023
2018-12-11 22:08:02.393913,99.9023
2018-12-11 22:08:07.392987,99.9023
2018-12-11 22:08:12.407296,99.9023
2018-12-11 22:08:17.420783,99.9023
2018-12-11 22:08:22.433392,99.9023
2018-12-11 22:08:27.407453,99.9023
2018-12-11 22:08:32.404537,99.9023
2018-12-11 22:08:37.407774,99.9023
2018-12-11 22:08:42.392817,99.9023
2018-12-11 22:08:47.392995,99.9023
2018-12-11 22:08:52.433085,99.9023
2018-12-11 22:08:57.409033,99.9023
2018-12-11 22:09:02.395221,99.9023
2018-12-11 22:09:07.441207,99.9023
2018-12-11 22:09:12.448185,99.9023
2018-12-11 22:09:17.391923,99.9023
2018-12-11 22:09:22.391217,99.9023
2018-12-11 22:09:27.413404,99.9023
2018-12-11 22:09:32.393331,99.9023
2018-12-11 22:09:37.392612,99.9023
2018-12-11 22:09:42.435141,99.9023
2018-12-11 22:09:47.395417,99.9023
2018-12-11 22:09:52.391874,99.9023
2018-12-11 22:09:57.392641,99.9023
2018-12-11 22:10:02.389427,99.9023
2018-12-11 22:10:07.391222,99.9023
2018-12-11 22:10:12.443395,99.9023
2018-12-11 22:10:17.391468,99.9023
2018-12-11 22:10:22.391453,99.9023
2018-12-11 22:10:27.391422,99.9023
2018-12-11 22:10:32.433339,99.9023
2018-12-11 22:10:37.388761,99.9023
2018-12-11 22:10:42.391240,99.9023
2018-12-11 22:10:47.388784,99.9023
2018-12-11 22:10:52.388157,99.9023
2018-12-11 22:10:57.392187,99.9023
2018-12-11 22:11:02.433802,99.9023
2018-12-11 22:11:07.514865,99.9023
2018-12-11 22:11:12.392516,99.9023
2018-12-11 22:11:17.388808,99.9023
2018-12-11 22:11:22.387976,99.9023
2018-12-11 22:11:27.404918,99.9023
2018-12-11 22:11:32.429508,99.9023
2018-12-11 22:11:37.389188,99.9023
2018-12-11 22:11:42.420767,99.9023
2018-12-11 22:11:47.388622,99.9023
2018-12-11 22:11:52.387954,99.9023
2018-12-11 22:11:57.388638,99.9023
2018-12-11 22:12:02.433273,6376.4648
2018-12-11 22:12:07.388149,99.9023
2018-12-11 22:12:12.388413,99.9023
2018-12-11 22:12:17.387880,99.9023
2018-12-11 22:12:22.387388,99.9023
2018-12-11 22:12:27.387074,99.9023
2018-12-11 22:12:32.435435,99.9023
2018-12-11 22:12:37.399682,99.9023
2018-12-11 22:12:42.395021,99.9023
2018-12-11 22:12:47.392626,99.9023
2018-12-11 22:12:52.388608,99.9023
2018-12-11 22:12:57.388399,99.9023
2018-12-11 22:13:02.452171,99.9023
2018-12-11 22:13:07.387640,99.9023
2018-12-11 22:13:12.385701,99.9023
2018-12-11 22:13:17.386729,99.9023
2018-12-11 22:13:22.385130,99.9023
2018-12-11 22:13:27.386779,99.9023
2018-12-11 22:13:32.520814,99.9023
2018-12-11 22:13:37.388402,99.9023
2018-12-11 22:13:42.391287,99.9023
2018-12-11 22:13:47.384693,99.9023
2018-12-11 22:13:52.384821,99.9023
2018-12-11 22:13:57.387455,99.9023
2018-12-11 22:14:02.479387,99.9023
2018-12-11 22:14:07.384743,99.9023
2018-12-11 22:14:12.395738,99.9023
2018-12-11 22:14:17.384255,99.9023
2018-12-11 22:14:22.384024,99.9023
2018-12-11 22:14:27.415033,99.9023
2018-12-11 22:14:32.439327,99.9023
2018-12-11 22:14:37.423219,99.9023
2018-12-11 22:14:42.387436,99.9023
2018-12-11 22:14:47.385357,99.9023
2018-12-11 22:14:52.385790,99.9023
2018-12-11 22:14:57.391047,99.9023
2018-12-11 22:15:02.425517,99.9023
2018-12-11 22:15:07.383865,99.9023
2018-12-11 22:15:12.461773,99.9023
2018-12-11 22:15:17.383384,99.9023
2018-12-11 22:15:22.418145,99.9023
2018-12-11 22:15:27.392971,99.9023
2018-12-11 22:15:32.383225,99.9023
2018-12-11 22:15:37.381485,99.9023
2018-12-11 22:15:42.395326,99.9023
2018-12-11 22:15:47.383079,99.9023
2018-12-11 22:15:52.421290,99.9023
2018-12-11 22:15:57.384786,99.9023
2018-12-11 22:16:02.384331,99.9023
2018-12-11 22:16:07.382961,99.9023
2018-12-11 22:16:12.381221,99.9023
2018-12-11 22:16:17.380661,99.9023
2018-12-11 22:16:22.422110,99.9023
2018-12-11 22:16:27.383550,99.9023
2018-12-11 22:16:32.385451,99.9023
2018-12-11 22:16:37.381383,99.9023
2018-12-11 22:16:42.425673,99.9023
2018-12-11 22:16:47.382836,99.9023
2018-12-11 22:16:52.421561,99.9023
2018-12-11 22:16:57.380791,99.9023
2018-12-11 22:17:02.389413,99.9023
2018-12-11 22:17:07.380506,99.9023
2018-12-11 22:17:12.423713,99.9023
2018-12-11 22:17:17.381332,99.9023
2018-12-11 22:17:22.381143,99.9023
2018-12-11 22:17:27.379739,99.9023
2018-12-11 22:17:32.400619,99.9023
2018-12-11 22:17:37.379265,99.9023
2018-12-11 22:17:42.421682,99.9023
2018-12-11 22:17:47.383526,99.9023
2018-12-11 22:17:52.377473,99.9023
2018-12-11 22:17:57.380712,99.9023
2018-12-11 22:18:02.380498,99.9023
2018-12-11 22:18:07.379382,99.9023
2018-12-11 22:18:12.421284,99.9023
2018-12-11 22:18:17.378499,99.9023
2018-12-11 22:18:22.377251,99.9023
2018-12-11 22:18:27.377994,99.9023
2018-12-11 22:18:32.456708,99.9023
2018-12-11 22:18:37.376878,99.9023
2018-12-11 22:18:42.423583,99.9023
2018-12-11 22:18:47.379849,99.9023
2018-12-11 22:18:52.381624,99.9023
2018-12-11 22:18:57.379140,99.9023
2018-12-11 22:19:02.376339,99.9023
2018-12-11 22:19:07.376748,99.9023
2018-12-11 22:19:12.417793,99.9023
2018-12-11 22:19:17.428387,99.9023
2018-12-11 22:19:22.388627,99.9023
2018-12-11 22:19:27.376885,99.9023
2018-12-11 22:19:32.378638,99.9023
2018-12-11 22:19:37.380686,99.9023
2018-12-11 22:19:42.416193,99.9023
2018-12-11 22:19:47.378659,99.9023
2018-12-11 22:19:52.374978,99.9023
2018-12-11 22:19:57.376700,99.9023
2018-12-11 22:20:02.488658,99.9023
2018-12-11 22:20:07.380171,99.9023
2018-12-11 22:20:12.377059,99.9023
2018-12-11 22:20:17.428050,99.9023
2018-12-11 22:20:22.375316,99.9023
2018-12-11 22:20:27.421601,99.9023
2018-12-11 22:20:32.420458,99.9023
2018-12-11 22:20:37.375382,99.9023
2018-12-11 22:20:42.378907,99.9023
2018-12-11 22:20:47.374474,99.9023
2018-12-11 22:20:52.374447,99.9023
2018-12-11 22:20:57.374533,99.9023
2018-12-11 22:21:02.434081,99.9023
2018-12-11 22:21:07.375201,99.9023
2018-12-11 22:21:12.382659,99.9023
2018-12-11 22:21:17.372796,99.9023
2018-12-11 22:21:22.375095,99.9023
2018-12-11 22:21:27.377381,99.9023
2018-12-11 22:21:32.413655,99.9023
2018-12-11 22:21:37.372478,99.9023
2018-12-11 22:21:42.374754,99.9023
2018-12-11 22:21:47.372494,99.9023
2018-12-11 22:21:52.383006,99.9023
2018-12-11 22:21:57.372472,99.9023
2018-12-11 22:22:02.417592,99.9023
2018-12-11 22:22:07.373358,99.9023
2018-12-11 22:22:12.388770,99.9023
2018-12-11 22:22:17.375500,99.9023
2018-12-11 22:22:22.373608,99.9023
2018-12-11 22:22:27.371494,99.9023
2018-12-11 22:22:32.414045,99.9023
2018-12-11 22:22:37.371785,99.9023
2018-12-11 22:22:42.372712,99.9023
2018-12-11 22:22:47.378699,99.9023
2018-12-11 22:22:52.413373,99.9023
2018-12-11 22:22:57.431632,99.9023
2018-12-11 22:23:02.494652,99.9023
2018-12-11 22:23:07.370842,99.9023
2018-12-11 22:23:12.370571,99.9023
2018-12-11 22:23:17.370949,99.9023
2018-12-11 22:23:22.448398,99.9023
2018-12-11 22:23:27.370941,99.9023
2018-12-11 22:23:32.414523,99.9023
2018-12-11 22:23:37.374935,99.9023
2018-12-11 22:23:42.368302,99.9023
2018-12-11 22:23:47.369415,99.9023
2018-12-11 22:23:52.375225,99.9023
2018-12-11 22:23:57.371462,99.9023
2018-12-11 22:24:02.445146,99.9023
2018-12-11 22:24:07.369164,99.9023
2018-12-11 22:24:12.367483,99.9023
2018-12-11 22:24:17.374619,99.9023
2018-12-11 22:24:22.376797,99.9023
2018-12-11 22:24:27.368544,99.9023
2018-12-11 22:24:32.481641,99.9023
2018-12-11 22:24:37.368781,99.9023
2018-12-11 22:24:42.411249,99.9023
2018-12-11 22:24:47.369299,99.9023
2018-12-11 22:24:52.366956,99.9023
2018-12-11 22:24:57.367657,99.9023
2018-12-11 22:25:02.409925,99.9023
2018-12-11 22:25:07.368467,99.9023
2018-12-11 22:25:12.368978,99.9023
2018-12-11 22:25:17.367057,99.9023
2018-12-11 22:25:22.365895,99.9023
2018-12-11 22:25:27.367309,99.9023
2018-12-11 22:25:32.431559,99.9023
2018-12-11 22:25:37.366831,99.9023
2018-12-11 22:25:42.367408,99.9023
2018-12-11 22:25:47.367131,99.9023
2018-12-11 22:25:52.367180,99.9023
2018-12-11 22:25:57.367106,99.9023
2018-12-11 22:26:02.411310,99.9023
2018-12-11 22:26:07.366786,99.9023
2018-12-11 22:26:12.364626,99.9023
2018-12-11 22:26:17.367569,99.9023
2018-12-11 22:26:22.415070,99.9023
2018-12-11 22:26:35.147246,99.9023
2018-12-11 22:26:40.103608,99.9023
2018-12-11 22:26:45.102415,99.9023
2018-12-11 22:26:50.101814,99.9023
2018-12-11 22:26:55.100142,99.9023
2018-12-11 22:27:00.101084,99.9023
2018-12-11 22:27:05.140853,99.9023
2018-12-11 22:27:10.100364,99.9023
2018-12-11 22:27:15.099222,99.9023
2018-12-11 22:27:20.102732,99.9023
2018-12-11 22:27:25.099135,99.9023
2018-12-11 22:27:30.099544,99.9023
2018-12-11 22:27:35.144917,99.9023
2018-12-11 22:27:40.099817,99.9023
2018-12-11 22:27:45.099698,99.9023
2018-12-11 22:27:50.099844,99.9023
2018-12-11 22:27:55.098844,99.9023
2018-12-11 22:28:00.098979,99.9023
2018-12-11 22:28:05.144631,99.9023
2018-12-11 22:28:10.104529,99.9023
2018-12-11 22:28:15.101153,99.9023
2018-12-11 22:28:20.099557,99.9023
2018-12-11 22:28:25.100110,99.9023
2018-12-11 22:28:30.098825,99.9023
2018-12-11 22:28:35.215079,99.9023
2018-12-11 22:28:40.099385,99.9023
2018-12-11 22:28:45.096789,99.9023
2018-12-11 22:28:50.099033,99.9023
2018-12-11 22:28:55.098875,99.9023
2018-12-11 22:29:00.098683,99.9023
2018-12-11 22:29:05.142619,99.9023
2018-12-11 22:29:10.096485,99.9023
2018-12-11 22:29:15.100596,99.9023
2018-12-11 22:29:20.098302,99.9023
2018-12-11 22:29:25.100161,99.9023
2018-12-11 22:29:30.099376,99.9023
2018-12-11 22:29:35.135925,99.9023
2018-12-11 22:29:40.100036,99.9023
2018-12-11 22:29:45.114083,99.9023
2018-12-11 22:29:50.096179,99.9023
2018-12-11 22:29:55.099398,99.9023
2018-12-11 22:30:00.131985,99.9023
2018-12-11 22:30:05.136752,99.9023
2018-12-11 22:30:10.095357,99.9023
2018-12-11 22:30:15.098909,99.9023
2018-12-11 22:30:20.096518,99.9023
2018-12-11 22:30:25.096240,99.9023
2018-12-11 22:30:30.095779,99.9023
2018-12-11 22:30:35.173238,99.9023
2018-12-11 22:30:40.095544,99.9023
2018-12-11 22:30:45.094140,99.9023
2018-12-11 22:30:50.096488,99.9023
2018-12-11 22:30:55.095218,99.9023
2018-12-11 22:31:00.098015,99.9023
2018-12-11 22:31:05.136930,99.9023
2018-12-11 22:31:10.095209,99.9023
2018-12-11 22:31:15.141715,99.9023
2018-12-11 22:31:20.100289,99.9023
2018-12-11 22:31:25.136494,99.9023
2018-12-11 22:31:30.093775,99.9023
2018-12-11 22:31:35.092070,99.9023
2018-12-11 22:31:40.093239,99.9023
2018-12-11 22:31:45.132595,99.9023
2018-12-11 22:31:50.094622,99.9023
2018-12-11 22:31:55.092610,99.9023
2018-12-11 22:32:00.093777,99.9023
2018-12-11 22:32:05.093114,99.9023
2018-12-11 22:32:10.093016,99.9023
2018-12-11 22:32:15.174655,99.9023
2018-12-11 22:32:20.092810,99.9023
2018-12-11 22:32:25.106490,99.9023
2018-12-11 22:32:30.092834,99.9023
2018-12-11 22:32:35.091934,99.9023
2018-12-11 22:32:40.092007,99.9023
2018-12-11 22:32:45.136677,99.9023
2018-12-11 22:32:50.095599,99.9023
2018-12-11 22:32:55.091439,99.9023
2018-12-11 22:33:00.091620,99.9023
2018-12-11 22:33:05.091460,99.9023
2018-12-11 22:33:10.091342,99.9023
2018-12-11 22:33:15.149517,99.9023
2018-12-11 22:33:20.095545,99.9023
2018-12-11 22:33:25.088819,99.9023
2018-12-11 22:33:30.115797,99.9023
2018-12-11 22:33:35.093366,99.9023
2018-12-11 22:33:40.091091,99.9023
2018-12-11 22:33:45.135009,99.9023
2018-12-11 22:33:50.091508,99.9023
2018-12-11 22:33:55.088767,99.9023
2018-12-11 22:34:00.091403,99.9023
2018-12-11 22:34:05.096524,99.9023
2018-12-11 22:34:10.095825,99.9023
2018-12-11 22:34:15.137205,99.9023
2018-12-11 22:34:20.088510,99.9023
2018-12-11 22:34:25.087238,99.9023
2018-12-11 22:34:30.089983,99.9023
2018-12-11 22:34:35.154616,99.9023
2018-12-11 22:34:40.090825,99.9023
2018-12-11 22:34:45.087562,99.9023
2018-12-11 22:34:50.088588,99.9023
2018-12-11 22:34:55.088574,99.9023
2018-12-11 22:35:00.088379,99.9023
2018-12-11 22:35:05.086894,99.9023
2018-12-11 22:35:10.091554,99.9023
2018-12-11 22:35:15.091470,99.9023
2018-12-11 22:35:20.087919,99.9023
2018-12-11 22:35:25.087496,99.9023
2018-12-11 22:35:30.087704,99.9023
2018-12-11 22:35:35.142999,99.9023
2018-12-11 22:35:40.087652,99.9023
2018-12-11 22:35:45.099085,99.9023
2018-12-11 22:35:50.087450,99.9023
2018-12-11 22:35:55.084635,99.9023
2018-12-11 22:36:00.086928,99.9023
2018-12-11 22:36:05.128723,99.9023
2018-12-11 22:36:10.086664,99.9023
2018-12-11 22:36:15.085640,99.9023
2018-12-11 22:36:20.087329,99.9023
2018-12-11 22:36:25.084539,99.9023
2018-12-11 22:36:30.087014,99.9023
2018-12-11 22:36:35.089028,99.9023
2018-12-11 22:36:40.086889,99.9023
2018-12-11 22:36:45.124553,99.9023
2018-12-11 22:36:50.087037,99.9023
2018-12-11 22:36:55.087242,99.9023
2018-12-11 22:37:00.086764,99.9023
2018-12-11 22:37:05.084120,99.9023
2018-12-11 22:37:10.092593,99.9023
2018-12-11 22:37:15.095249,99.9023
2018-12-11 22:37:20.084872,99.9023
2018-12-11 22:37:25.147851,99.9023
2018-12-11 22:37:30.084503,99.9023
2018-12-11 22:37:35.085491,99.9023
2018-12-11 22:37:40.083699,99.9023
2018-12-11 22:37:45.083464,99.9023
2018-12-11 22:37:50.086858,99.9023
2018-12-11 22:37:55.126019,99.9023
2018-12-11 22:38:00.084760,99.9023
2018-12-11 22:38:05.085003,99.9023
2018-12-11 22:38:10.084474,99.9023
2018-12-11 22:38:15.082612,99.9023
2018-12-11 22:38:20.083819,99.9023
2018-12-11 22:38:25.125541,99.9023
2018-12-11 22:38:30.084155,99.9023
2018-12-11 22:38:35.088813,99.9023
2018-12-11 22:38:40.083333,99.9023
2018-12-11 22:38:45.081752,99.9023
2018-12-11 22:38:50.083069,99.9023
2018-12-11 22:38:55.126293,99.9023
2018-12-11 22:39:00.083236,99.9023
2018-12-11 22:39:05.120746,99.9023
2018-12-11 22:39:10.084595,99.9023
2018-12-11 22:39:15.081242,99.9023
2018-12-11 22:39:20.131548,99.9023
2018-12-11 22:39:25.129560,99.9023
2018-12-11 22:39:30.081217,99.9023
2018-12-11 22:39:35.129156,99.9023
2018-12-11 22:39:40.082931,99.9023
2018-12-11 22:39:45.083229,99.9023
2018-12-11 22:39:50.093850,99.9023
2018-12-11 22:39:55.126031,99.9023
2018-12-11 22:40:00.083312,99.9023
2018-12-11 22:40:05.157837,99.9023
2018-12-11 22:40:10.081056,99.9023
2018-12-11 22:40:15.081779,99.9023
2018-12-11 22:40:20.080446,99.9023
2018-12-11 22:40:25.122552,99.9023
2018-12-11 22:40:30.082477,99.9023
2018-12-11 22:40:35.144137,99.9023
2018-12-11 22:40:40.080058,99.9023
2018-12-11 22:40:45.079015,99.9023
2018-12-11 22:40:50.079724,99.9023
2018-12-11 22:40:55.127084,99.9023
2018-12-11 22:41:00.079701,99.9023
2018-12-11 22:41:05.080208,99.9023
2018-12-11 22:41:10.083396,99.9023
2018-12-11 22:41:15.079585,99.9023
2018-12-11 22:41:20.099553,99.9023
2018-12-11 22:41:25.079579,99.9023
2018-12-11 22:41:30.079469,99.9023
2018-12-11 22:41:35.081258,99.9023
2018-12-11 22:41:40.079171,99.9023
2018-12-11 22:41:45.122729,6375.6836
2018-12-11 22:41:50.080778,99.9023
2018-12-11 22:41:55.080567,99.9023
2018-12-11 22:42:00.077109,99.9023
2018-12-11 22:42:05.091042,99.9023
2018-12-11 22:42:10.084566,99.9023
2018-12-11 22:42:15.080150,99.9023
2018-12-11 22:42:20.079144,99.9023
2018-12-11 22:42:25.077177,99.9023
2018-12-11 22:42:30.105833,99.9023
2018-12-11 22:42:35.075512,99.9023
2018-12-11 22:42:40.091176,99.9023
2018-12-11 22:42:45.082952,99.9023
2018-12-11 22:42:50.076960,99.9023
2018-12-11 22:42:55.149006,99.9023
2018-12-11 22:43:00.113100,99.9023
2018-12-11 22:43:05.078485,99.9023
2018-12-11 22:43:10.078793,99.9023
2018-12-11 22:43:15.076427,99.9023
2018-12-11 22:43:20.076331,99.9023
2018-12-11 22:43:25.167305,99.9023
2018-12-11 22:43:30.076038,99.9023
2018-12-11 22:43:35.077011,99.9023
2018-12-11 22:43:40.167630,99.9023
2018-12-11 22:43:45.077092,99.9023
2018-12-11 22:43:50.132829,99.9023
2018-12-11 22:43:55.170885,99.9023
2018-12-11 22:44:00.075969,99.9023
2018-12-11 22:44:05.073824,99.9023
2018-12-11 22:44:10.077440,99.9023
2018-12-11 22:44:15.074586,99.9023
2018-12-11 22:44:20.078811,99.9023
2018-12-11 22:44:25.119469,99.9023
2018-12-11 22:44:30.075374,99.9023
2018-12-11 22:44:35.075933,99.9023
2018-12-11 22:44:40.075995,99.9023
2018-12-11 22:44:45.117664,99.9023
2018-12-11 22:44:50.078496,99.9023
2018-12-11 22:44:55.133738,99.9023
2018-12-11 22:45:00.077166,99.9023
2018-12-11 22:45:05.079025,99.9023
2018-12-11 22:45:10.076702,99.9023
2018-12-11 22:45:15.072885,99.9023
2018-12-11 22:45:20.083251,99.9023
2018-12-11 22:45:25.117757,99.9023
2018-12-11 22:45:30.072813,99.9023
2018-12-11 22:45:35.075259,99.9023
2018-12-11 22:45:40.075785,99.9023
2018-12-11 22:45:45.071455,99.9023
2018-12-11 22:45:50.072252,99.9023
2018-12-11 22:45:55.147127,99.9023
2018-12-11 22:46:00.072666,99.9023
2018-12-11 22:46:05.071936,99.9023
2018-12-11 22:46:10.144061,99.9023
2018-12-11 22:46:15.072039,99.9023
2018-12-11 22:46:20.072482,99.9023
2018-12-11 22:46:25.173808,99.9023
2018-12-11 22:46:30.071483,99.9023
2018-12-11 22:46:35.071307,99.9023
2018-12-11 22:46:40.072024,99.9023
2018-12-11 22:46:45.159158,99.9023
2018-12-11 22:46:50.070791,99.9023
2018-12-11 22:46:55.127432,99.9023
2018-12-11 22:47:00.073005,99.9023
2018-12-11 22:47:05.070909,99.9023
2018-12-11 22:47:10.070173,99.9023
2018-12-11 22:47:15.074761,99.9023
2018-12-11 22:47:20.138776,99.9023
2018-12-11 22:47:25.179953,99.9023
2018-12-11 22:47:30.120707,99.9023
2018-12-11 22:47:35.080305,99.9023
2018-12-11 22:47:40.068592,99.9023
2018-12-11 22:47:45.113379,99.9023
2018-12-11 22:47:50.068902,99.9023
2018-12-11 22:47:55.068583,99.9023
2018-12-11 22:48:00.068827,99.9023
2018-12-11 22:48:05.109087,99.9023
2018-12-11 22:48:10.069823,99.9023
2018-12-11 22:48:15.109414,99.9023
2018-12-11 22:48:20.067677,99.9023
2018-12-11 22:48:25.067769,99.9023
2018-12-11 22:48:30.068323,99.9023
2018-12-11 22:48:35.068436,99.9023
2018-12-11 22:48:40.067866,99.9023
2018-12-11 22:48:45.108614,99.9023
2018-12-11 22:48:50.067089,99.9023
2018-12-11 22:48:55.077020,99.9023
2018-12-11 22:49:00.068195,99.9023
2018-12-11 22:49:05.111579,99.9023
2018-12-11 22:49:10.067458,99.9023
2018-12-11 22:49:15.065615,99.9023
2018-12-11 22:49:20.135725,99.9023
2018-12-11 22:49:25.067462,99.9023
2018-12-11 22:49:30.067210,99.9023
2018-12-11 22:49:35.175480,99.9023
2018-12-11 22:49:40.068845,99.9023
2018-12-11 22:49:45.085552,99.9023
2018-12-11 22:49:50.072684,99.9023
2018-12-11 22:49:55.134113,99.9023
2018-12-11 22:50:00.073127,99.9023
2018-12-11 22:50:05.112196,99.9023
2018-12-11 22:50:10.067068,99.9023
2018-12-11 22:50:15.069202,99.9023
2018-12-11 22:50:20.067850,99.9023
2018-12-11 22:50:25.134085,99.9023
2018-12-11 22:50:30.071955,99.9023
2018-12-11 22:50:35.067145,99.9023
2018-12-11 22:50:40.064544,99.9023
2018-12-11 22:50:45.064597,99.9023
2018-12-11 22:50:50.090718,99.9023
2018-12-11 22:50:55.068008,99.9023
2018-12-11 22:51:00.065954,99.9023
2018-12-11 22:51:05.064314,99.9023
2018-12-11 22:51:10.065222,99.9023
2018-12-11 22:51:15.063638,99.9023
2018-12-11 22:51:20.064019,99.9023
2018-12-11 22:51:25.105407,99.9023
2018-12-11 22:51:30.065663,99.9023
2018-12-11 22:51:35.063569,99.9023
2018-12-11 22:51:40.068672,99.9023
2018-12-11 22:51:45.063362,99.9023
2018-12-11 22:51:50.066579,99.9023
2018-12-11 22:51:55.060828,99.9023
2018-12-11 22:52:00.063447,99.9023
2018-12-11 22:52:05.147642,99.9023
2018-12-11 22:52:10.071696,99.9023
2018-12-11 22:52:15.068924,99.9023
2018-12-11 22:52:20.070715,99.9023
2018-12-11 22:52:25.061762,99.9023
2018-12-11 22:52:30.062717,99.9023
2018-12-11 22:52:35.131771,99.9023
2018-12-11 22:52:40.063138,99.9023
2018-12-11 22:52:45.065748,99.9023
2018-12-11 22:52:50.060416,99.9023
2018-12-11 22:52:55.061452,99.9023
2018-12-11 22:53:00.063563,99.9023
2018-12-11 22:53:05.105111,99.9023
2018-12-11 22:53:10.060964,99.9023
2018-12-11 22:53:15.066934,99.9023
2018-12-11 22:53:20.062946,99.9023
2018-12-11 22:53:25.116901,99.9023
2018-12-11 22:53:30.089915,99.9023
2018-12-11 22:53:35.067611,99.9023
2018-12-11 22:53:40.062665,99.9023
2018-12-11 22:53:45.077737,99.9023
2018-12-11 22:53:50.060605,99.9023
2018-12-11 22:53:55.104634,99.9023
2018-12-11 22:54:00.059454,99.9023
2018-12-11 22:54:05.064260,99.9023
2018-12-11 22:54:10.062526,99.9023
2018-12-11 22:54:15.059532,99.9023
2018-12-11 22:54:20.060190,99.9023
2018-12-11 22:54:25.103175,99.9023
2018-12-11 22:54:30.095828,99.9023
2018-12-11 22:54:35.058061,99.9023
2018-12-11 22:54:40.060132,99.9023
2018-12-11 22:54:45.056570,99.9023
2018-12-11 22:54:50.087497,99.9023
2018-12-11 22:54:55.149216,99.9023
2018-12-11 22:55:00.132226,99.9023
2018-12-11 22:55:05.098895,99.9023
2018-12-11 22:55:10.136860,99.9023
2018-12-11 22:55:15.064611,99.9023
2018-12-11 22:55:20.060585,99.9023
2018-12-11 22:55:25.097548,99.9023
2018-12-11 22:55:30.056741,99.9023
2018-12-11 22:55:35.056725,99.9023
2018-12-11 22:55:40.057070,99.9023
2018-12-11 22:55:45.055600,99.9023
2018-12-11 22:55:50.056007,99.9023
2018-12-11 22:55:55.103370,99.9023
2018-12-11 22:56:00.059292,99.9023
2018-12-11 22:56:05.058508,99.9023
2018-12-11 22:56:10.058814,99.9023
2018-12-11 22:56:15.055058,99.9023
2018-12-11 22:56:20.086126,99.9023
2018-12-11 22:56:25.104168,99.9023
2018-12-11 22:56:30.056504,99.9023
2018-12-11 22:56:35.060787,99.9023
2018-12-11 22:56:44.508146,99.9023
2018-12-11 22:56:49.460548,99.9023
2018-12-11 22:56:54.459318,99.9023
2018-12-11 22:56:59.456866,99.9023
2018-12-11 22:57:04.457599,99.9023
2018-12-11 22:57:09.456431,99.9023
2018-12-11 22:57:14.505821,99.9023
2018-12-11 22:57:19.456591,99.9023
2018-12-11 22:57:24.461839,99.9023
2018-12-11 22:57:29.456041,99.9023
2018-12-11 22:57:34.456150,99.9023
2018-12-11 22:57:39.455868,99.9023
2018-12-11 22:57:44.509472,99.9023
2018-12-11 22:57:49.455397,99.9023
2018-12-11 22:57:54.453870,99.9023
2018-12-11 22:57:59.457904,99.9023
2018-12-11 22:58:04.456233,99.9023
2018-12-11 22:58:09.464610,99.9023
2018-12-11 22:58:14.500607,99.9023
2018-12-11 22:58:19.455446,99.9023
2018-12-11 22:58:24.459606,99.9023
2018-12-11 22:58:29.456626,99.9023
2018-12-11 22:58:34.456730,99.9023
2018-12-11 22:58:39.455699,99.9023
2018-12-11 22:58:44.496511,99.9023
2018-12-11 22:58:49.457010,99.9023
2018-12-11 22:58:54.453360,99.9023
2018-12-11 22:58:59.482683,99.9023
2018-12-11 22:59:04.455442,99.9023
2018-12-11 22:59:09.453529,99.9023
2018-12-11 22:59:14.523474,99.9023
2018-12-11 22:59:19.454342,99.9023
2018-12-11 22:59:24.452043,99.9023
2018-12-11 22:59:29.452583,99.9023
2018-12-11 22:59:34.452325,99.9023
2018-12-11 22:59:39.452381,99.9023
2018-12-11 22:59:44.497138,99.9023
2018-12-11 22:59:49.463341,99.9023
2018-12-11 22:59:54.455682,99.9023
2018-12-11 22:59:59.453267,99.9023
2018-12-11 23:00:04.452139,99.9023
2018-12-11 23:00:09.506742,99.9023
2018-12-11 23:00:14.511277,99.9023
2018-12-11 23:00:19.451779,99.9023
2018-12-11 23:00:24.451847,99.9023
2018-12-11 23:00:29.510099,99.9023
2018-12-11 23:00:34.452168,99.9023
2018-12-11 23:00:39.468425,99.9023
2018-12-11 23:00:44.493121,99.9023
2018-12-11 23:00:49.459372,99.9023
2018-12-11 23:00:54.451739,99.9023
2018-12-11 23:00:59.462822,99.9023
2018-12-11 23:01:04.449010,99.9023
2018-12-11 23:01:09.451109,99.9023
2018-12-11 23:01:14.523195,99.9023
2018-12-11 23:01:19.452266,99.9023
2018-12-11 23:01:24.449297,99.9023
2018-12-11 23:01:29.472765,99.9023
2018-12-11 23:01:34.501472,99.9023
2018-12-11 23:01:39.450625,99.9023
2018-12-11 23:01:44.448394,99.9023
2018-12-11 23:01:49.448795,99.9023
2018-12-11 23:01:54.451362,99.9023
2018-12-11 23:01:59.451450,99.9023
2018-12-11 23:02:04.489356,99.9023
2018-12-11 23:02:09.448922,99.9023
2018-12-11 23:02:14.449103,99.9023
2018-12-11 23:02:19.448994,99.9023
2018-12-11 23:02:24.453986,99.9023
2018-12-11 23:02:29.449032,99.9023
2018-12-11 23:02:34.497033,99.9023
2018-12-11 23:02:39.449802,99.9023
2018-12-11 23:02:44.452926,99.9023
2018-12-11 23:02:49.447784,99.9023
2018-12-11 23:02:54.450896,99.9023
2018-12-11 23:02:59.447359,99.9023
2018-12-11 23:03:04.488686,99.9023
2018-12-11 23:03:09.448631,99.9023
2018-12-11 23:03:14.447518,99.9023
2018-12-11 23:03:19.456842,99.9023
2018-12-11 23:03:24.448523,99.9023
2018-12-11 23:03:29.447236,99.9023
2018-12-11 23:03:34.444570,99.9023
2018-12-11 23:03:39.447565,99.9023
2018-12-11 23:03:44.609777,99.9023
2018-12-11 23:03:49.447979,99.9023
2018-12-11 23:03:54.463032,99.9023
2018-12-11 23:03:59.455294,99.9023
2018-12-11 23:04:04.444841,99.9023
2018-12-11 23:04:09.446577,99.9023
2018-12-11 23:04:14.494783,99.9023
2018-12-11 23:04:19.447101,99.9023
2018-12-11 23:04:24.447329,99.9023
2018-12-11 23:04:29.461434,99.9023
2018-12-11 23:04:34.453720,99.9023
2018-12-11 23:04:39.446249,99.9023
2018-12-11 23:04:44.499304,99.9023
2018-12-11 23:04:49.504232,99.9023
2018-12-11 23:04:54.489630,99.9023
2018-12-11 23:04:59.445419,99.9023
2018-12-11 23:05:04.450083,99.9023
2018-12-11 23:05:09.448864,99.9023
2018-12-11 23:05:14.513357,99.9023
2018-12-11 23:05:19.444128,99.9023
2018-12-11 23:05:24.448191,99.9023
2018-12-11 23:05:29.451191,99.9023
2018-12-11 23:05:34.454584,99.9023
2018-12-11 23:05:39.448380,99.9023
2018-12-11 23:05:44.447129,99.9023
2018-12-11 23:05:49.472050,99.9023
2018-12-11 23:05:54.444500,99.9023
2018-12-11 23:05:59.528870,99.9023
2018-12-11 23:06:04.499146,99.9023
2018-12-11 23:06:09.514561,99.9023
2018-12-11 23:06:14.447374,49.5117
2018-12-11 23:06:19.442852,60.5469
2018-12-11 23:06:24.445443,75.0000
2018-12-11 23:06:29.543992,44.5312
2018-12-11 23:06:34.615698,61.1328
2018-12-11 23:06:39.441561,61.2305
2018-12-11 23:06:44.442963,62.7930
2018-12-11 23:06:49.479332,55.3711
2018-12-11 23:06:54.440676,55.1758
2018-12-11 23:06:59.441503,54.2969
2018-12-11 23:07:04.497236,56.7383
2018-12-11 23:07:09.449626,84.8633
2018-12-11 23:07:14.440825,87.4023
2018-12-11 23:07:19.451849,80.5664
2018-12-11 23:07:24.443309,74.1211
2018-12-11 23:07:29.451075,65.1367
2018-12-11 23:07:34.482834,55.9570
2018-12-11 23:07:39.440735,46.4844
2018-12-11 23:07:44.444827,39.5508
2018-12-11 23:07:49.441513,36.0352
2018-12-11 23:07:54.451599,42.0898
2018-12-11 23:07:59.439973,42.8711
2018-12-11 23:08:04.483668,47.3633
2018-12-11 23:08:09.440539,48.3398
2018-12-11 23:08:14.439928,38.2813
2018-12-11 23:08:19.535545,46.7773
2018-12-11 23:08:24.439083,40.4297
2018-12-11 23:08:29.441699,38.4766
2018-12-11 23:08:34.484227,39.3555
2018-12-11 23:08:39.446742,30.3711
2018-12-11 23:08:44.442752,34.9609
2018-12-11 23:08:49.439179,13.7695
2018-12-11 23:08:54.438802,34.2773
2018-12-11 23:08:59.439511,17.6758
2018-12-11 23:09:04.440797,30.4688
2018-12-11 23:09:09.442980,17.1875
2018-12-11 23:09:14.444800,29.8828
2018-12-11 23:09:19.438766,30.8594
2018-12-11 23:09:24.495393,38.5742
2018-12-11 23:09:29.444651,37.5977
2018-12-11 23:09:34.440351,18.2617
2018-12-11 23:09:39.439634,30.5664
2018-12-11 23:09:44.443549,29.4922
2018-12-11 23:09:49.445519,35.5469
2018-12-11 23:09:54.609015,36.3281
2018-12-11 23:09:59.582831,44.4336
2018-12-11 23:10:04.444478,62.5977
2018-12-11 23:10:09.445652,66.2109
2018-12-11 23:10:14.479004,66.1133
2018-12-11 23:10:19.440348,77.6367
2018-12-11 23:10:24.478419,66.9922
2018-12-11 23:10:29.441048,64.8437
2018-12-11 23:10:34.507085,99.9023
2018-12-11 23:10:39.436437,63.4766
2018-12-11 23:10:44.495169,81.1523
2018-12-11 23:10:49.479285,99.9023
2018-12-11 23:10:54.483465,99.9023
2018-12-11 23:10:59.446504,99.9023
2018-12-11 23:11:04.497647,99.9023
2018-12-11 23:11:09.435863,99.9023
2018-12-11 23:11:14.440005,99.9023
2018-12-11 23:11:19.452317,99.9023
2018-12-11 23:11:24.507221,99.9023
2018-12-11 23:11:29.436594,99.9023
2018-12-11 23:11:34.459903,99.9023
2018-12-11 23:11:39.439325,99.9023
2018-12-11 23:11:44.439585,99.9023
2018-12-11 23:11:49.435001,99.9023
2018-12-11 23:11:54.509880,99.9023
2018-12-11 23:11:59.438818,99.9023
2018-12-11 23:12:04.441671,99.9023
2018-12-11 23:12:09.444881,99.9023
2018-12-11 23:12:14.451136,99.9023
2018-12-11 23:12:19.436629,99.9023
2018-12-11 23:12:24.435608,99.9023
2018-12-11 23:12:29.433527,99.9023
2018-12-11 23:12:34.703456,99.9023
2018-12-11 23:12:39.434891,99.9023
2018-12-11 23:12:44.435524,99.9023
2018-12-11 23:12:49.472988,99.9023
2018-12-11 23:12:54.443949,99.9023
2018-12-11 23:12:59.432583,99.9023
2018-12-11 23:13:04.473637,99.9023
2018-12-11 23:13:09.439252,99.9023
2018-12-11 23:13:14.505689,99.9023
2018-12-11 23:13:19.432705,99.9023
2018-12-11 23:13:24.430846,99.9023
2018-12-11 23:13:29.432789,99.9023
2018-12-11 23:13:34.431523,99.9023
2018-12-11 23:13:39.503500,99.9023
2018-12-11 23:13:44.438533,99.9023
2018-12-11 23:13:49.431025,99.8047
2018-12-11 23:13:54.475322,99.8047
2018-12-11 23:13:59.431242,99.7070
2018-12-11 23:14:04.439500,99.6094
2018-12-11 23:14:09.431681,99.6094
2018-12-11 23:14:14.431081,99.5117
2018-12-11 23:14:19.495531,99.5117
2018-12-11 23:14:24.445987,99.4141
2018-12-11 23:14:29.430696,99.4141
2018-12-11 23:14:34.523186,99.3164
2018-12-11 23:14:39.431115,99.6094
2018-12-11 23:14:44.442969,99.9023
2018-12-11 23:14:49.429889,99.9023
2018-12-11 23:14:54.428122,99.9023
2018-12-11 23:14:59.430468,99.9023
2018-12-11 23:15:04.508979,99.9023
2018-12-11 23:15:09.477783,99.9023
2018-12-11 23:15:14.485625,99.9023
2018-12-11 23:15:19.494805,99.9023
2018-12-11 23:15:24.470269,99.9023
2018-12-11 23:15:29.428490,99.9023
2018-12-11 23:15:34.429741,99.9023
2018-12-11 23:15:39.427907,99.9023
2018-12-11 23:15:44.433580,99.9023
2018-12-11 23:15:49.497077,99.9023
2018-12-11 23:15:54.477500,99.9023
2018-12-11 23:15:59.428463,99.9023
2018-12-11 23:16:04.429644,99.9023
2018-12-11 23:16:09.515342,99.9023
2018-12-11 23:16:14.437808,99.9023
2018-12-11 23:16:19.427647,99.9023
2018-12-11 23:16:24.472869,99.9023
2018-12-11 23:16:29.427358,99.9023
2018-12-11 23:16:34.427092,99.9023
2018-12-11 23:16:39.428492,99.9023
2018-12-11 23:16:44.427829,99.9023
2018-12-11 23:16:49.427433,99.9023
2018-12-11 23:16:54.486459,99.9023
2018-12-11 23:16:59.428320,99.9023
2018-12-11 23:17:04.435150,99.9023
2018-12-11 23:17:09.483383,99.9023
2018-12-11 23:17:14.469495,99.9023
2018-12-11 23:17:19.430133,99.9023
2018-12-11 23:17:24.464481,99.9023
2018-12-11 23:17:29.451133,99.9023
2018-12-11 23:17:34.473350,99.9023
2018-12-11 23:17:39.427843,99.9023
2018-12-11 23:17:44.427193,99.9023
2018-12-11 23:17:49.452322,99.9023
2018-12-11 23:17:54.426569,99.9023
2018-12-11 23:17:59.424699,99.9023
2018-12-11 23:18:04.437569,99.9023
2018-12-11 23:18:09.488718,99.9023
2018-12-11 23:18:14.434365,99.9023
2018-12-11 23:18:19.427331,99.9023
2018-12-11 23:18:24.529236,99.9023
2018-12-11 23:18:29.425020,99.9023
2018-12-11 23:18:34.426591,99.9023
2018-12-11 23:18:39.425271,99.9023
2018-12-11 23:18:44.427279,99.9023
2018-12-11 23:18:49.424109,99.9023
2018-12-11 23:18:54.423330,99.9023
2018-12-11 23:18:59.437094,99.9023
2018-12-11 23:19:04.585998,99.9023
2018-12-11 23:19:09.423957,99.9023
2018-12-11 23:19:14.491030,99.9023
2018-12-11 23:19:19.425468,99.9023
2018-12-11 23:19:24.469601,99.9023
2018-12-11 23:19:29.422835,99.9023
2018-12-11 23:19:34.420996,99.9023
2018-12-11 23:19:39.428361,99.9023
2018-12-11 23:19:44.488732,99.9023
2018-12-11 23:19:49.423100,99.9023
2018-12-11 23:19:54.421179,99.9023
2018-12-11 23:19:59.422731,99.9023
2018-12-11 23:20:04.420470,99.9023
2018-12-11 23:20:09.422823,99.9023
2018-12-11 23:20:14.546917,99.9023
2018-12-11 23:20:19.422502,99.9023
2018-12-11 23:20:24.423470,99.9023
2018-12-11 23:20:29.421639,99.9023
2018-12-11 23:20:34.475703,99.9023
2018-12-11 23:20:39.421684,99.9023
2018-12-11 23:20:44.467472,99.9023
2018-12-11 23:20:49.420464,99.9023
2018-12-11 23:20:54.503080,99.9023
2018-12-11 23:20:59.420402,99.9023
2018-12-11 23:21:04.441585,99.9023
2018-12-11 23:21:09.420217,99.9023
2018-12-11 23:21:14.482662,99.9023
2018-12-11 23:21:19.420770,99.9023
2018-12-11 23:21:24.422923,99.9023
2018-12-11 23:21:29.420586,99.9023
2018-12-11 23:21:34.419341,99.9023
2018-12-11 23:21:39.426816,99.9023
2018-12-11 23:21:44.501231,99.9023
2018-12-11 23:21:49.422959,99.9023
2018-12-11 23:21:54.428241,99.9023
2018-12-11 23:21:59.419411,99.9023
2018-12-11 23:22:04.510540,99.9023
2018-12-11 23:22:09.503326,99.9023
2018-12-11 23:22:14.430544,99.9023
2018-12-11 23:22:19.420310,99.9023
2018-12-11 23:22:24.420682,99.9023
2018-12-11 23:22:29.417677,99.9023
2018-12-11 23:22:34.423196,99.9023
2018-12-11 23:22:39.420391,99.9023
2018-12-11 23:22:44.439808,99.9023
2018-12-11 23:22:49.425847,99.9023
2018-12-11 23:22:54.465470,99.9023
2018-12-11 23:22:59.418585,99.9023
2018-12-11 23:23:04.417290,99.9023
2018-12-11 23:23:09.419238,99.9023
2018-12-11 23:23:14.417901,99.9023
2018-12-11 23:23:19.502044,99.9023
2018-12-11 23:23:24.464658,99.9023
2018-12-11 23:23:29.417519,99.9023
2018-12-11 23:23:34.418547,99.9023
2018-12-11 23:23:39.416511,99.9023
2018-12-11 23:23:44.423519,99.9023
2018-12-11 23:23:49.427174,99.9023
2018-12-11 23:23:54.462124,99.9023
2018-12-11 23:23:59.424795,99.9023
2018-12-11 23:24:04.422912,99.9023
2018-12-11 23:24:09.417195,6375.0977
2018-12-11 23:24:14.426997,99.9023
2018-12-11 23:24:19.420234,99.9023
2018-12-11 23:24:24.459392,99.9023
2018-12-11 23:24:29.415631,99.9023
2018-12-11 23:24:34.439599,99.9023
2018-12-11 23:24:39.415291,99.9023
2018-12-11 23:24:44.424862,99.9023
2018-12-11 23:24:49.440361,99.9023
2018-12-11 23:24:54.464052,99.9023
2018-12-11 23:24:59.419776,99.9023
2018-12-11 23:25:04.423427,99.9023
2018-12-11 23:25:09.415028,99.9023
2018-12-11 23:25:14.418433,99.9023
2018-12-11 23:25:19.415118,99.9023
2018-12-11 23:25:24.468990,99.9023
2018-12-11 23:25:29.414867,99.9023
2018-12-11 23:25:34.413475,99.9023
2018-12-11 23:25:39.412917,99.9023
2018-12-11 23:25:44.418922,99.9023
2018-12-11 23:25:49.419126,99.9023
2018-12-11 23:25:54.479352,99.9023
2018-12-11 23:25:59.412754,99.9023
2018-12-11 23:26:04.421411,99.9023
2018-12-11 23:26:09.419178,99.9023
2018-12-11 23:26:14.457722,99.9023
2018-12-11 23:26:19.415341,99.9023
2018-12-11 23:26:24.463380,99.9023
2018-12-11 23:26:29.420676,99.9023
2018-12-11 23:26:34.427163,99.9023
2018-12-11 23:26:39.411916,99.9023
2018-12-11 23:26:44.414459,99.9023
2018-12-11 23:26:57.236507,99.9023
2018-12-11 23:27:02.231981,99.9023
2018-12-11 23:27:07.231455,99.9023
2018-12-11 23:27:12.238849,99.9023
2018-12-11 23:27:17.272197,99.9023
2018-12-11 23:27:22.228975,99.9023
2018-12-11 23:27:27.244290,99.9023
2018-12-11 23:27:32.231185,99.9023
2018-12-11 23:27:37.231552,99.9023
2018-12-11 23:27:42.227803,99.9023
2018-12-11 23:27:47.309485,99.9023
2018-12-11 23:27:52.227617,99.9023
2018-12-11 23:27:57.235743,99.9023
2018-12-11 23:28:02.227715,99.9023
2018-12-11 23:28:07.232233,99.9023
2018-12-11 23:28:12.275775,99.9023
2018-12-11 23:28:17.271529,99.9023
2018-12-11 23:28:22.227237,99.9023
2018-12-11 23:28:27.224659,99.9023
2018-12-11 23:28:32.231854,99.9023
2018-12-11 23:28:37.224554,99.9023
2018-12-11 23:28:42.227324,99.9023
2018-12-11 23:28:47.275657,99.9023
2018-12-11 23:28:52.225730,99.9023
2018-12-11 23:28:57.228684,99.9023
2018-12-11 23:29:02.227301,99.9023
2018-12-11 23:29:07.231317,99.9023
2018-12-11 23:29:12.256060,99.9023
2018-12-11 23:29:17.283977,99.9023
2018-12-11 23:29:22.227106,99.9023
2018-12-11 23:29:27.225488,99.9023
2018-12-11 23:29:32.229363,99.9023
2018-12-11 23:29:37.269822,99.9023
2018-12-11 23:29:42.280298,99.9023
2018-12-11 23:29:47.245435,99.9023
2018-12-11 23:29:52.235521,99.9023
2018-12-11 23:29:57.225751,99.9023
2018-12-11 23:30:02.226864,99.9023
2018-12-11 23:30:07.245826,99.9023
2018-12-11 23:30:12.223479,99.9023
2018-12-11 23:30:17.225879,99.9023
2018-12-11 23:30:22.223509,99.9023
2018-12-11 23:30:27.223069,99.9023
2018-12-11 23:30:32.229766,99.9023
2018-12-11 23:30:37.231933,99.9023
2018-12-11 23:30:42.223076,99.9023
2018-12-11 23:30:47.223378,99.9023
2018-12-11 23:30:52.232662,99.9023
2018-12-11 23:30:57.268372,99.9023
2018-12-11 23:31:02.223891,99.9023
2018-12-11 23:31:07.242273,99.9023
2018-12-11 23:31:12.223191,99.9023
2018-12-11 23:31:17.223076,99.9023
2018-12-11 23:31:22.223299,99.9023
2018-12-11 23:31:27.266539,99.9023
2018-12-11 23:31:32.227257,99.9023
2018-12-11 23:31:37.223120,99.9023
2018-12-11 23:31:42.222811,99.9023
2018-12-11 23:31:47.220815,99.9023
2018-12-11 23:31:52.221224,99.9023
2018-12-11 23:31:57.265397,99.9023
2018-12-11 23:32:02.227194,99.9023
2018-12-11 23:32:07.220166,99.9023
2018-12-11 23:32:12.220463,99.9023
2018-12-11 23:32:17.220513,99.9023
2018-12-11 23:32:22.243473,99.9023
2018-12-11 23:32:27.269620,99.9023
2018-12-11 23:32:32.221065,99.9023
2018-12-11 23:32:37.219917,99.9023
2018-12-11 23:32:42.220238,99.9023
2018-12-11 23:32:47.224177,99.9023
2018-12-11 23:32:52.220059,99.9023
2018-12-11 23:32:57.267854,99.9023
2018-12-11 23:33:02.219616,99.9023
2018-12-11 23:33:07.219327,99.9023
2018-12-11 23:33:12.224190,99.9023
2018-12-11 23:33:17.219292,99.9023
2018-12-11 23:33:22.220020,99.9023
2018-12-11 23:33:27.223766,99.9023
2018-12-11 23:33:32.219292,99.9023
2018-12-11 23:33:37.217589,99.9023
2018-12-11 23:33:42.218783,99.9023
2018-12-11 23:33:47.260986,99.9023
2018-12-11 23:33:52.227101,99.9023
2018-12-11 23:33:57.219168,99.9023
2018-12-11 23:34:02.219144,99.9023
2018-12-11 23:34:07.220206,99.9023
2018-12-11 23:34:12.219035,99.9023
2018-12-11 23:34:17.256745,99.9023
2018-12-11 23:34:22.217899,99.9023
2018-12-11 23:34:27.217487,99.9023
2018-12-11 23:34:32.217948,99.9023
2018-12-11 23:34:37.219100,99.9023
2018-12-11 23:34:42.216967,99.9023
2018-12-11 23:34:47.257012,99.9023
2018-12-11 23:34:52.216639,99.9023
2018-12-11 23:34:57.215817,99.9023
2018-12-11 23:35:02.217026,99.9023
2018-12-11 23:35:07.215325,99.9023
2018-12-11 23:35:12.218547,99.9023
2018-12-11 23:35:17.306900,99.9023
2018-12-11 23:35:22.218656,99.9023
2018-12-11 23:35:27.216625,99.9023
2018-12-11 23:35:32.216197,99.9023
2018-12-11 23:35:37.222617,99.9023
2018-12-11 23:35:42.215450,99.9023
2018-12-11 23:35:47.261233,99.9023
2018-12-11 23:35:52.214920,99.9023
2018-12-11 23:35:57.220059,99.9023
2018-12-11 23:36:02.215532,99.9023
2018-12-11 23:36:07.214868,99.9023
2018-12-11 23:36:12.216656,99.9023
2018-12-11 23:36:17.257495,99.9023
2018-12-11 23:36:22.216348,99.9023
2018-12-11 23:36:27.231334,99.9023
2018-12-11 23:36:32.216933,99.9023
2018-12-11 23:36:37.213376,99.9023
2018-12-11 23:36:42.215355,99.9023
2018-12-11 23:36:47.214707,99.9023
2018-12-11 23:36:52.218866,99.9023
2018-12-11 23:36:57.235679,99.9023
2018-12-11 23:37:02.214934,99.9023
2018-12-11 23:37:07.261470,99.9023
2018-12-11 23:37:12.214580,99.9023
2018-12-11 23:37:17.216260,99.9023
2018-12-11 23:37:22.214485,99.9023
2018-12-11 23:37:27.213479,99.9023
2018-12-11 23:37:32.214417,99.9023
2018-12-11 23:37:37.213612,99.9023
2018-12-11 23:37:42.215748,99.9023
2018-12-11 23:37:47.269247,99.9023
2018-12-11 23:37:52.212420,99.9023
2018-12-11 23:37:57.214792,99.9023
2018-12-11 23:38:02.212550,99.9023
2018-12-11 23:38:07.295557,99.9023
2018-12-11 23:38:12.223744,99.9023
2018-12-11 23:38:17.210823,99.9023
2018-12-11 23:38:22.220783,99.9023
2018-12-11 23:38:27.210698,99.9023
2018-12-11 23:38:32.212600,99.9023
2018-12-11 23:38:37.262907,99.9023
2018-12-11 23:38:42.234429,99.9023
2018-12-11 23:38:47.211386,99.9023
2018-12-11 23:38:52.211600,99.9023
2018-12-11 23:38:57.212138,99.9023
2018-12-11 23:39:02.211267,99.9023
2018-12-11 23:39:07.254062,99.9023
2018-12-11 23:39:12.211288,99.9023
2018-12-11 23:39:17.212009,99.9023
2018-12-11 23:39:22.210899,99.9023
2018-12-11 23:39:27.212880,99.9023
2018-12-11 23:39:32.210185,99.9023
2018-12-11 23:39:37.259238,99.9023
2018-12-11 23:39:42.210482,99.9023
2018-12-11 23:39:47.208675,99.9023
2018-12-11 23:39:52.208796,99.9023
2018-12-11 23:39:57.208959,99.9023
2018-12-11 23:40:02.211211,99.9023
2018-12-11 23:40:07.257319,99.9023
2018-12-11 23:40:12.210611,99.9023
2018-12-11 23:40:17.207723,99.9023
2018-12-11 23:40:22.208294,99.9023
2018-12-11 23:40:27.226630,99.9023
2018-12-11 23:40:32.209406,99.9023
2018-12-11 23:40:37.265610,99.9023
2018-12-11 23:40:42.208403,99.9023
2018-12-11 23:40:47.208591,99.9023
2018-12-11 23:40:52.209495,99.9023
2018-12-11 23:40:57.207322,99.9023
2018-12-11 23:41:02.207671,99.9023
2018-12-11 23:41:07.260521,99.9023
2018-12-11 23:41:12.215909,99.9023
2018-12-11 23:41:17.207363,99.9023
2018-12-11 23:41:22.207157,99.9023
2018-12-11 23:41:27.207140,99.9023
2018-12-11 23:41:32.208135,99.9023
2018-12-11 23:41:37.248659,99.9023
2018-12-11 23:41:42.206990,99.9023
2018-12-11 23:41:47.212467,99.9023
2018-12-11 23:41:52.207121,99.9023
2018-12-11 23:41:57.206734,99.9023
2018-12-11 23:42:02.208658,99.9023
2018-12-11 23:42:07.278911,99.9023
2018-12-11 23:42:12.209015,99.9023
2018-12-11 23:42:17.211633,99.9023
2018-12-11 23:42:22.209839,99.9023
2018-12-11 23:42:27.251485,99.9023
2018-12-11 23:42:32.204854,99.9023
2018-12-11 23:42:37.204815,99.9023
2018-12-11 23:42:42.204804,99.9023
2018-12-11 23:42:47.204316,99.9023
2018-12-11 23:42:52.207449,99.9023
2018-12-11 23:42:57.203147,99.9023
2018-12-11 23:43:02.243178,99.9023
2018-12-11 23:43:07.251297,99.9023
2018-12-11 23:43:12.204742,99.9023
2018-12-11 23:43:17.257244,99.9023
2018-12-11 23:43:22.204382,99.9023
2018-12-11 23:43:27.208397,99.9023
2018-12-11 23:43:32.204472,99.9023
2018-12-11 23:43:37.206632,99.9023
2018-12-11 23:43:42.204619,99.9023
2018-12-11 23:43:47.247160,99.9023
2018-12-11 23:43:52.203889,99.9023
2018-12-11 23:43:57.212214,99.9023
2018-12-11 23:44:02.204037,99.9023
2018-12-11 23:44:07.205641,99.9023
2018-12-11 23:44:12.245433,99.9023
2018-12-11 23:44:17.206926,99.9023
2018-12-11 23:44:22.380688,99.9023
2018-12-11 23:44:27.207724,99.9023
2018-12-11 23:44:32.206606,99.9023
2018-12-11 23:44:37.201429,99.9023
2018-12-11 23:44:42.203515,99.9023
2018-12-11 23:44:47.245680,99.9023
2018-12-11 23:44:52.203100,99.9023
2018-12-11 23:44:57.203222,99.9023
2018-12-11 23:45:02.203174,99.9023
2018-12-11 23:45:07.200698,99.9023
2018-12-11 23:45:12.204119,99.9023
2018-12-11 23:45:17.247243,99.9023
2018-12-11 23:45:22.202960,99.9023
2018-12-11 23:45:27.203674,99.9023
2018-12-11 23:45:32.239170,99.9023
2018-12-11 23:45:37.230715,99.9023
2018-12-11 23:45:42.200654,99.9023
2018-12-11 23:45:47.243312,99.9023
2018-12-11 23:45:52.202930,99.9023
2018-12-11 23:45:57.202340,99.9023
2018-12-11 23:46:02.203032,99.9023
2018-12-11 23:46:07.201516,99.9023
2018-12-11 23:46:12.200465,99.9023
2018-12-11 23:46:17.251228,99.9023
2018-12-11 23:46:22.208330,99.9023
2018-12-11 23:46:27.241556,99.9023
2018-12-11 23:46:32.199542,99.9023
2018-12-11 23:46:37.199787,99.9023
2018-12-11 23:46:42.199545,99.9023
2018-12-11 23:46:47.242155,99.9023
2018-12-11 23:46:52.198791,99.9023
2018-12-11 23:46:57.198516,99.9023
2018-12-11 23:47:02.199925,99.9023
2018-12-11 23:47:07.209954,99.9023
2018-12-11 23:47:12.199331,99.9023
2018-12-11 23:47:17.241305,99.9023
2018-12-11 23:47:22.198778,99.9023
2018-12-11 23:47:27.197633,99.9023
2018-12-11 23:47:32.198816,99.9023
2018-12-11 23:47:37.200545,99.9023
2018-12-11 23:47:42.198770,99.9023
2018-12-11 23:47:47.241112,99.9023
2018-12-11 23:47:52.199042,99.9023
2018-12-11 23:47:57.196140,99.9023
2018-12-11 23:48:02.197526,99.9023
2018-12-11 23:48:07.197754,99.9023
2018-12-11 23:48:12.197077,99.9023
2018-12-11 23:48:17.245427,99.9023
2018-12-11 23:48:22.196478,99.9023
2018-12-11 23:48:27.195647,99.9023
2018-12-11 23:48:32.196584,99.9023
2018-12-11 23:48:37.195705,99.9023
2018-12-11 23:48:42.199251,99.9023
2018-12-11 23:48:47.247737,99.9023
2018-12-11 23:48:52.201347,99.9023
2018-12-11 23:48:57.196036,99.9023
2018-12-11 23:49:02.223402,99.9023
2018-12-11 23:49:07.195097,99.9023
2018-12-11 23:49:12.197590,99.9023
2018-12-11 23:49:17.240297,99.9023
2018-12-11 23:49:22.195330,99.9023
2018-12-11 23:49:27.242628,99.9023
2018-12-11 23:49:32.194885,99.9023
2018-12-11 23:49:37.193420,99.9023
2018-12-11 23:49:42.195679,99.9023
2018-12-11 23:49:47.236568,99.9023
2018-12-11 23:49:52.199297,99.9023
2018-12-11 23:49:57.195107,99.9023
2018-12-11 23:50:02.196252,99.9023
2018-12-11 23:50:07.195608,99.9023
2018-12-11 23:50:12.237404,99.9023
2018-12-11 23:50:17.237581,99.9023
2018-12-11 23:50:22.194337,99.9023
2018-12-11 23:50:27.192528,99.9023
2018-12-11 23:50:32.194662,99.9023
2018-12-11 23:50:37.236623,99.9023
2018-12-11 23:50:42.194714,99.9023
2018-12-11 23:50:47.255855,99.9023
2018-12-11 23:50:52.192805,99.9023
2018-12-11 23:50:57.203360,99.9023
2018-12-11 23:51:02.193711,99.9023
2018-12-11 23:51:07.261804,99.9023
2018-12-11 23:51:12.195159,99.9023
2018-12-11 23:51:17.192132,99.9023
2018-12-11 23:51:22.192016,99.9023
2018-12-11 23:51:27.191972,99.9023
2018-12-11 23:51:32.263183,99.9023
2018-12-11 23:51:37.232708,99.9023
2018-12-11 23:51:42.208367,99.9023
2018-12-11 23:51:47.191527,99.9023
2018-12-11 23:51:52.192752,6375.0000
2018-12-11 23:51:57.192473,99.9023
2018-12-11 23:52:02.191915,99.9023
2018-12-11 23:52:07.234885,99.9023
2018-12-11 23:52:12.192807,99.9023
2018-12-11 23:52:17.191025,99.9023
2018-12-11 23:52:22.191057,99.9023
2018-12-11 23:52:27.191337,99.9023
2018-12-11 23:52:32.192403,99.9023
2018-12-11 23:52:37.233849,99.9023
2018-12-11 23:52:42.227286,99.9023
2018-12-11 23:52:47.190499,99.9023
2018-12-11 23:52:52.191601,99.9023
2018-12-11 23:52:57.188039,99.9023
2018-12-11 23:53:02.190895,99.9023
2018-12-11 23:53:07.233536,99.9023
2018-12-11 23:53:12.189919,99.9023
2018-12-11 23:53:17.188184,99.9023
2018-12-11 23:53:22.191237,99.9023
2018-12-11 23:53:27.188247,99.9023
2018-12-11 23:53:32.192937,99.9023
2018-12-11 23:53:37.236983,99.9023
2018-12-11 23:53:42.233443,99.9023
2018-12-11 23:53:47.187678,99.9023
2018-12-11 23:53:52.188530,99.9023
2018-12-11 23:53:57.188554,99.9023
2018-12-11 23:54:02.189971,99.9023
2018-12-11 23:54:07.232184,99.9023
2018-12-11 23:54:12.188002,99.9023
2018-12-11 23:54:17.187409,99.9023
2018-12-11 23:54:22.192268,99.9023
2018-12-11 23:54:27.187491,99.9023
2018-12-11 23:54:32.187597,99.9023
2018-12-11 23:54:37.187149,99.9023
2018-12-11 23:54:42.190695,99.9023
2018-12-11 23:54:47.187183,99.9023
2018-12-11 23:54:52.187572,99.9023
2018-12-11 23:54:57.227955,99.9023
2018-12-11 23:55:02.186924,99.9023
2018-12-11 23:55:07.186759,99.9023
2018-12-11 23:55:12.187379,99.9023
2018-12-11 23:55:17.187985,99.9023
2018-12-11 23:55:22.188302,99.9023
2018-12-11 23:55:27.233014,99.9023
2018-12-11 23:55:32.186740,99.9023
2018-12-11 23:55:37.220125,99.9023
2018-12-11 23:55:42.188995,99.9023
2018-12-11 23:55:47.229172,99.9023
2018-12-11 23:55:52.186931,99.9023
2018-12-11 23:55:57.251394,99.9023
2018-12-11 23:56:02.184903,99.9023
2018-12-11 23:56:07.204576,99.9023
2018-12-11 23:56:12.187776,99.9023
2018-12-11 23:56:17.183333,99.9023
2018-12-11 23:56:22.184981,99.9023
2018-12-11 23:56:27.232794,99.9023
2018-12-11 23:56:32.184947,99.9023
2018-12-11 23:56:37.183104,99.9023
2018-12-11 23:56:42.184804,99.9023
2018-12-11 23:56:47.208363,99.9023
2018-12-11 23:56:52.211606,99.9023
2018-12-11 23:56:57.247864,99.9023
2018-12-11 23:57:07.027109,99.9023
2018-12-11 23:57:11.985074,99.9023
2018-12-11 23:57:16.983492,99.9023
2018-12-11 23:57:21.983569,99.9023
2018-12-11 23:57:26.983102,99.9023
2018-12-11 23:57:31.983729,99.9023
2018-12-11 23:57:36.984618,99.9023
2018-12-11 23:57:41.984915,99.9023
2018-12-11 23:57:46.983509,99.9023
2018-12-11 23:57:51.984626,99.9023
2018-12-11 23:57:57.026475,99.9023
2018-12-11 23:58:01.986551,99.9023
2018-12-11 23:58:06.982528,99.9023
2018-12-11 23:58:11.982890,99.9023
2018-12-11 23:58:16.983249,99.9023
2018-12-11 23:58:21.984846,99.9023
2018-12-11 23:58:27.028546,99.9023
2018-12-11 23:58:31.983363,99.9023
2018-12-11 23:58:36.982694,99.9023
2018-12-11 23:58:41.983195,99.9023
2018-12-11 23:58:46.980592,99.9023
2018-12-11 23:58:51.983101,99.9023
2018-12-11 23:58:57.024955,99.9023
2018-12-11 23:59:01.981775,99.9023
2018-12-11 23:59:06.981804,99.9023
2018-12-11 23:59:11.980589,99.9023
2018-12-11 23:59:16.980167,99.9023
2018-12-11 23:59:21.980609,99.9023
2018-12-11 23:59:27.020615,99.9023
2018-12-11 23:59:31.981002,99.9023
2018-12-11 23:59:36.980446,99.9023
2018-12-11 23:59:41.980953,99.9023
2018-12-11 23:59:46.979759,99.9023
2018-12-11 23:59:51.980438,99.9023
2018-12-11 23:59:57.021224,99.9023
2018-12-12 00:00:02.005182,99.9023
2018-12-12 00:00:06.988903,99.9023
2018-12-12 00:00:11.982613,99.9023
2018-12-12 00:00:16.982977,99.9023
2018-12-12 00:00:21.980969,99.9023
2018-12-12 00:00:27.022622,6375.0000
2018-12-12 00:00:31.979547,99.9023
2018-12-12 00:00:36.981655,99.9023
2018-12-12 00:00:41.979099,99.9023
2018-12-12 00:00:46.978357,99.9023
2018-12-12 00:00:51.978834,99.9023
2018-12-12 00:00:56.977068,98.0469
2018-12-12 00:01:01.979264,95.9961
2018-12-12 00:01:06.981279,95.3125
2018-12-12 00:01:11.979386,95.3125
2018-12-12 00:01:17.021821,95.3125
2018-12-12 00:01:21.980830,95.4102
2018-12-12 00:01:26.977957,95.4102
2018-12-12 00:01:31.979480,95.4102
2018-12-12 00:01:36.976591,95.4102
2018-12-12 00:01:41.978587,95.5078
2018-12-12 00:01:47.017438,95.5078
2018-12-12 00:01:51.981609,95.5078
2018-12-12 00:01:56.975962,95.5078
2018-12-12 00:02:01.976626,95.6055
2018-12-12 00:02:06.975487,95.6055
2018-12-12 00:02:11.977916,95.7031
2018-12-12 00:02:17.017219,95.7031
2018-12-12 00:02:21.976063,95.8008
2018-12-12 00:02:26.985092,95.8008
2018-12-12 00:02:31.977151,95.8008
2018-12-12 00:02:36.976378,95.8984
2018-12-12 00:02:41.987928,95.8984
2018-12-12 00:02:47.019979,95.9961
2018-12-12 00:02:51.976843,95.9961
2018-12-12 00:02:56.975087,95.9961
2018-12-12 00:03:01.976454,96.0937
2018-12-12 00:03:06.974679,96.0937
2018-12-12 00:03:11.975492,96.1914
2018-12-12 00:03:17.021468,96.1914
2018-12-12 00:03:21.977396,96.1914
2018-12-12 00:03:26.973589,96.1914
2018-12-12 00:03:31.975575,96.2891
2018-12-12 00:03:36.974521,96.1914
2018-12-12 00:03:41.975482,96.1914
2018-12-12 00:03:47.017784,96.1914
2018-12-12 00:03:51.974327,96.2891
2018-12-12 00:03:56.974990,96.2891
2018-12-12 00:04:01.975210,96.2891
2018-12-12 00:04:07.003008,96.2891
2018-12-12 00:04:11.974983,96.3867
2018-12-12 00:04:17.021517,96.2891
2018-12-12 00:04:21.975669,96.2891
2018-12-12 00:04:26.975592,96.2891
2018-12-12 00:04:31.974707,96.2891
2018-12-12 00:04:36.977160,96.1914
2018-12-12 00:04:41.973586,96.1914
2018-12-12 00:04:47.015847,96.1914
2018-12-12 00:04:51.977516,96.1914
2018-12-12 00:04:56.974486,96.1914
2018-12-12 00:05:01.985058,96.1914
2018-12-12 00:05:06.999393,96.1914
2018-12-12 00:05:11.972907,96.1914
2018-12-12 00:05:17.017740,96.1914
2018-12-12 00:05:21.971941,96.1914
2018-12-12 00:05:26.975410,96.1914
2018-12-12 00:05:31.972118,96.1914
2018-12-12 00:05:36.971381,96.1914
2018-12-12 00:05:41.971446,96.1914
2018-12-12 00:05:47.041325,96.1914
2018-12-12 00:05:51.979250,96.0937
2018-12-12 00:05:56.971791,96.1914
2018-12-12 00:06:01.988113,96.1914
2018-12-12 00:06:06.970135,96.2891
2018-12-12 00:06:11.974428,96.1914
2018-12-12 00:06:17.013635,96.1914
2018-12-12 00:06:21.971445,96.1914
2018-12-12 00:06:26.969910,96.1914
2018-12-12 00:06:31.971184,96.1914
2018-12-12 00:06:36.971468,96.1914
2018-12-12 00:06:41.984552,96.1914
2018-12-12 00:06:47.036890,96.2891
2018-12-12 00:06:51.970679,96.2891
2018-12-12 00:06:56.968951,96.3867
2018-12-12 00:07:01.971360,96.3867
2018-12-12 00:07:06.968300,96.2891
2018-12-12 00:07:11.970852,96.3867
2018-12-12 00:07:17.008703,96.3867
2018-12-12 00:07:21.970839,96.1914
2018-12-12 00:07:26.970258,96.1914
2018-12-12 00:07:31.971050,96.0937
2018-12-12 00:07:36.968441,96.1914
2018-12-12 00:07:41.969247,96.1914
2018-12-12 00:07:47.013034,96.1914
2018-12-12 00:07:51.968462,96.2891
2018-12-12 00:07:56.972544,96.2891
2018-12-12 00:08:01.970416,96.2891
2018-12-12 00:08:06.970831,96.2891
2018-12-12 00:08:11.968021,96.3867
2018-12-12 00:08:16.968877,96.3867
2018-12-12 00:08:21.968777,96.2891
2018-12-12 00:08:26.981118,96.3867
2018-12-12 00:08:31.968189,96.3867
2018-12-12 00:08:37.011207,96.4844
2018-12-12 00:08:41.967430,96.4844
2018-12-12 00:08:46.971689,96.4844
2018-12-12 00:08:51.967484,96.4844
2018-12-12 00:08:56.966600,96.4844
2018-12-12 00:09:01.978666,96.5820
2018-12-12 00:09:07.025158,96.5820
2018-12-12 00:09:11.991485,96.5820
2018-12-12 00:09:17.064720,96.4844
2018-12-12 00:09:21.968603,96.4844
2018-12-12 00:09:26.964794,96.4844
2018-12-12 00:09:31.967601,96.4844
2018-12-12 00:09:37.011380,96.4844
2018-12-12 00:09:42.013756,96.5820
2018-12-12 00:09:46.971387,96.5820
2018-12-12 00:09:51.969293,96.4844
2018-12-12 00:09:56.965874,96.5820
2018-12-12 00:10:01.967445,96.5820
2018-12-12 00:10:07.055337,96.5820
2018-12-12 00:10:11.966379,96.5820
2018-12-12 00:10:16.971501,96.5820
2018-12-12 00:10:21.995037,96.6797
2018-12-12 00:10:26.967348,96.6797
2018-12-12 00:10:31.964856,96.3867
2018-12-12 00:10:37.005522,96.2891
2018-12-12 00:10:41.964008,96.2891
2018-12-12 00:10:46.963366,96.1914
2018-12-12 00:10:51.963520,96.1914
2018-12-12 00:10:56.970734,96.1914
2018-12-12 00:11:01.977951,96.1914
2018-12-12 00:11:07.007448,96.1914
2018-12-12 00:11:11.963702,96.1914
2018-12-12 00:11:16.967413,96.1914
2018-12-12 00:11:21.963494,96.1914
2018-12-12 00:11:26.962670,96.1914
2018-12-12 00:11:31.963438,96.1914
2018-12-12 00:11:37.015308,96.1914
2018-12-12 00:11:41.963144,96.1914
2018-12-12 00:11:46.971243,96.2891
2018-12-12 00:11:51.963467,96.2891
2018-12-12 00:11:56.985053,96.2891
2018-12-12 00:12:02.016646,96.2891
2018-12-12 00:12:07.007131,96.2891
2018-12-12 00:12:11.963160,96.4844
2018-12-12 00:12:16.974969,95.9961
2018-12-12 00:12:21.963366,96.2891
2018-12-12 00:12:27.025186,96.0937
2018-12-12 00:12:31.963549,96.1914
2018-12-12 00:12:36.960947,96.2891
2018-12-12 00:12:41.961016,96.2891
2018-12-12 00:12:46.965304,96.2891
2018-12-12 00:12:51.960880,96.2891
2018-12-12 00:12:57.000762,96.2891
2018-12-12 00:13:01.964593,96.2891
2018-12-12 00:13:06.995369,96.2891
2018-12-12 00:13:11.964614,96.3867
2018-12-12 00:13:16.959126,96.3867
2018-12-12 00:13:21.963467,96.3867
2018-12-12 00:13:27.015412,96.3867
2018-12-12 00:13:31.963691,96.3867
2018-12-12 00:13:36.959217,96.3867
2018-12-12 00:13:41.961794,96.3867
2018-12-12 00:13:46.959364,96.3867
2018-12-12 00:13:51.959708,96.3867
2018-12-12 00:13:57.000899,96.3867
2018-12-12 00:14:01.963151,96.3867
2018-12-12 00:14:06.960498,96.3867
2018-12-12 00:14:11.979030,96.3867
2018-12-12 00:14:16.960547,96.3867
2018-12-12 00:14:21.959134,96.3867
2018-12-12 00:14:27.088467,96.3867
2018-12-12 00:14:31.963356,96.3867
2018-12-12 00:14:36.961298,96.3867
2018-12-12 00:14:41.958928,96.3867
2018-12-12 00:14:47.000779,96.3867
2018-12-12 00:14:51.960921,96.3867
2018-12-12 00:14:56.956950,96.3867
2018-12-12 00:15:01.958968,96.3867
2018-12-12 00:15:07.000850,96.3867
2018-12-12 00:15:11.983150,96.3867
2018-12-12 00:15:16.956278,96.3867
2018-12-12 00:15:21.958912,96.3867
2018-12-12 00:15:27.045497,96.3867
2018-12-12 00:15:32.007912,96.3867
2018-12-12 00:15:36.956891,96.3867
2018-12-12 00:15:45.961700,96.3867
2018-12-12 00:15:50.917322,96.3867
2018-12-12 00:15:55.915591,96.3867
2018-12-12 00:16:00.919661,96.3867
2018-12-12 00:16:05.919898,96.3867
2018-12-12 00:16:10.916785,96.4844
2018-12-12 00:16:15.962965,96.4844
2018-12-12 00:16:20.943360,96.3867
2018-12-12 00:16:25.915678,96.3867
2018-12-12 00:16:30.953267,96.3867
2018-12-12 00:16:35.915177,96.4844
2018-12-12 00:16:40.915426,96.4844
2018-12-12 00:16:45.958385,96.4844
2018-12-12 00:16:50.915433,96.4844
2018-12-12 00:16:55.924358,2875.0977
2018-12-12 00:17:00.924356,96.4844
2018-12-12 00:17:05.914612,96.4844
2018-12-12 00:17:10.914945,96.4844
2018-12-12 00:17:15.959190,96.4844
2018-12-12 00:17:20.914921,96.4844
2018-12-12 00:17:25.932516,96.4844
2018-12-12 00:17:30.915436,96.4844
2018-12-12 00:17:35.914782,96.5820
2018-12-12 00:17:40.915371,96.4844
2018-12-12 00:17:45.957524,96.4844
2018-12-12 00:17:50.914583,96.4844
2018-12-12 00:17:55.918274,96.4844
2018-12-12 00:18:00.915382,96.4844
2018-12-12 00:18:05.912481,96.4844
2018-12-12 00:18:10.918416,96.4844
2018-12-12 00:18:15.957577,96.5820
2018-12-12 00:18:20.914839,96.5820
2018-12-12 00:18:25.914986,96.4844
2018-12-12 00:18:30.919092,96.5820
2018-12-12 00:18:35.912423,96.5820
2018-12-12 00:18:40.912112,96.5820
2018-12-12 00:18:45.989533,96.5820
2018-12-12 00:18:50.916258,96.5820
2018-12-12 00:18:55.914315,96.5820
2018-12-12 00:19:00.912830,96.5820
2018-12-12 00:19:05.953236,96.5820
2018-12-12 00:19:10.911718,96.5820
2018-12-12 00:19:15.916950,96.5820
2018-12-12 00:19:20.912840,96.5820
2018-12-12 00:19:25.919051,96.5820
2018-12-12 00:19:30.912618,96.5820
2018-12-12 00:19:35.956468,96.5820
2018-12-12 00:19:40.911087,96.5820
2018-12-12 00:19:45.911700,96.5820
2018-12-12 00:19:50.911549,96.5820
2018-12-12 00:19:55.909973,96.5820
2018-12-12 00:20:00.911268,96.6797
2018-12-12 00:20:05.956112,96.5820
2018-12-12 00:20:10.912718,96.5820
2018-12-12 00:20:15.908462,96.5820
2018-12-12 00:20:20.910883,96.5820
2018-12-12 00:20:25.910649,96.5820
2018-12-12 00:20:30.919172,96.5820
2018-12-12 00:20:35.985916,96.5820
2018-12-12 00:20:40.911134,96.5820
2018-12-12 00:20:45.969381,96.5820
2018-12-12 00:20:50.936664,96.5820
2018-12-12 00:20:55.909196,96.5820
2018-12-12 00:21:00.908425,96.5820
2018-12-12 00:21:05.949858,96.5820
2018-12-12 00:21:10.908780,96.6797
2018-12-12 00:21:15.915765,96.6797
2018-12-12 00:21:20.908498,96.5820
2018-12-12 00:21:25.913124,96.6797
2018-12-12 00:21:30.947077,96.6797
2018-12-12 00:21:35.991420,96.6797
2018-12-12 00:21:40.908302,96.6797
2018-12-12 00:21:45.909525,96.6797
2018-12-12 00:21:50.912341,96.7773
2018-12-12 00:21:55.907487,96.6797
2018-12-12 00:22:00.907104,96.6797
2018-12-12 00:22:05.950589,96.6797
2018-12-12 00:22:10.907136,96.8750
2018-12-12 00:22:15.909075,96.6797
2018-12-12 00:22:20.908756,96.5820
2018-12-12 00:22:25.922743,96.5820
2018-12-12 00:22:30.907098,96.3867
2018-12-12 00:22:35.907697,96.3867
2018-12-12 00:22:40.906925,95.8984
2018-12-12 00:22:45.907067,96.3867
2018-12-12 00:22:50.906711,96.4844
2018-12-12 00:22:55.916150,96.5820
2018-12-12 00:23:00.907132,96.5820
2018-12-12 00:23:05.906845,96.5820
2018-12-12 00:23:10.907356,96.5820
2018-12-12 00:23:15.950400,96.6797
2018-12-12 00:23:20.923109,96.6797
2018-12-12 00:23:25.905792,96.6797
2018-12-12 00:23:30.906664,96.6797
2018-12-12 00:23:35.907535,96.6797
2018-12-12 00:23:40.904936,96.6797
2018-12-12 00:23:45.945197,96.6797
2018-12-12 00:23:50.906802,96.6797
2018-12-12 00:23:55.910859,96.6797
2018-12-12 00:24:00.904879,96.6797
2018-12-12 00:24:05.907005,96.8750
2018-12-12 00:24:10.903700,96.7773
2018-12-12 00:24:15.905668,96.7773
2018-12-12 00:24:20.904450,96.7773
2018-12-12 00:24:25.903288,96.7773
2018-12-12 00:24:30.907207,96.7773
2018-12-12 00:24:35.905277,96.7773
2018-12-12 00:24:40.906668,96.7773
2018-12-12 00:24:45.945286,96.7773
2018-12-12 00:24:50.941998,96.7773
2018-12-12 00:24:55.902772,96.7773
2018-12-12 00:25:00.904467,96.7773
2018-12-12 00:25:05.945501,96.7773
2018-12-12 00:25:10.902813,96.7773
2018-12-12 00:25:15.902573,96.7773
2018-12-12 00:25:20.903318,96.7773
2018-12-12 00:25:25.945666,96.7773
2018-12-12 00:25:30.903319,96.7773
2018-12-12 00:25:35.945867,96.6797
2018-12-12 00:25:40.903646,96.7773
2018-12-12 00:25:45.901346,96.6797
2018-12-12 00:25:50.902604,96.6797
2018-12-12 00:25:55.903161,96.6797
2018-12-12 00:26:00.903722,96.4844
2018-12-12 00:26:05.949590,96.1914
2018-12-12 00:26:10.901311,95.9961
2018-12-12 00:26:15.903171,95.9961
2018-12-12 00:26:20.905005,95.8984
2018-12-12 00:26:25.941064,95.8984
2018-12-12 00:26:30.907314,95.8984
2018-12-12 00:26:35.906387,95.8008
2018-12-12 00:26:40.963279,95.8008
2018-12-12 00:26:45.899184,95.8008
2018-12-12 00:26:50.900233,95.8008
2018-12-12 00:26:55.942461,95.8008
2018-12-12 00:27:00.899519,95.8008
2018-12-12 00:27:05.928515,95.8984
2018-12-12 00:27:17.462245,95.8008
2018-12-12 00:27:22.430982,95.7031
2018-12-12 00:27:27.423937,95.7031
2018-12-12 00:27:32.419981,95.8008
2018-12-12 00:27:37.422803,95.8008
2018-12-12 00:27:42.423353,95.8008
2018-12-12 00:27:47.460799,95.8008
2018-12-12 00:27:52.420360,95.8008
2018-12-12 00:27:57.420168,95.7031
2018-12-12 00:28:02.428666,95.8984
2018-12-12 00:28:07.418554,95.8008
2018-12-12 00:28:12.419650,95.8008
2018-12-12 00:28:17.461589,95.7031
2018-12-12 00:28:22.428166,95.7031
2018-12-12 00:28:27.461141,95.7031
2018-12-12 00:28:32.420171,95.7031
2018-12-12 00:28:37.416702,95.7031
2018-12-12 00:28:42.419538,95.7031
2018-12-12 00:28:47.415798,95.7031
2018-12-12 00:28:52.419049,95.7031
2018-12-12 00:28:57.483331,95.7031
2018-12-12 00:29:02.419716,95.7031
2018-12-12 00:29:07.416983,95.7031
2018-12-12 00:29:12.418763,95.7031
2018-12-12 00:29:17.415979,95.7031
2018-12-12 00:29:22.416258,95.7031
2018-12-12 00:29:27.457780,95.7031
2018-12-12 00:29:32.416332,95.7031
2018-12-12 00:29:37.414821,95.6055
2018-12-12 00:29:42.416486,95.6055
2018-12-12 00:29:47.451736,95.6055
2018-12-12 00:29:52.460494,95.6055
2018-12-12 00:29:57.456911,95.6055
2018-12-12 00:30:02.415047,95.6055
2018-12-12 00:30:07.416265,95.6055
2018-12-12 00:30:12.421208,95.6055
2018-12-12 00:30:17.421399,95.6055
2018-12-12 00:30:22.415517,95.6055
2018-12-12 00:30:27.458370,95.6055
2018-12-12 00:30:32.416587,95.4102
2018-12-12 00:30:37.415253,95.6055
2018-12-12 00:30:42.415191,95.6055
2018-12-12 00:30:47.413213,95.6055
2018-12-12 00:30:52.415516,95.6055
2018-12-12 00:30:57.412842,95.5078
2018-12-12 00:31:02.413355,95.6055
2018-12-12 00:31:07.415173,95.6055
2018-12-12 00:31:12.416824,95.6055
2018-12-12 00:31:17.452840,95.5078
2018-12-12 00:31:22.451754,95.6055
2018-12-12 00:31:27.412716,95.6055
2018-12-12 00:31:32.414758,95.6055
2018-12-12 00:31:37.412854,95.6055
2018-12-12 00:31:42.415453,95.6055
2018-12-12 00:31:47.415145,95.7031
2018-12-12 00:31:52.412013,95.6055
2018-12-12 00:31:57.411805,95.6055
2018-12-12 00:32:02.435366,95.6055
2018-12-12 00:32:07.453558,95.6055
2018-12-12 00:32:12.414672,95.5078
2018-12-12 00:32:17.416643,95.5078
2018-12-12 00:32:22.411412,95.6055
2018-12-12 00:32:27.415507,95.6055
2018-12-12 00:32:32.413655,95.6055
2018-12-12 00:32:37.452748,95.5078
2018-12-12 00:32:42.411200,95.6055
2018-12-12 00:32:47.444543,95.6055
2018-12-12 00:32:52.412336,95.6055
2018-12-12 00:32:57.411594,95.6055
2018-12-12 00:33:02.493662,95.6055
2018-12-12 00:33:07.456845,95.6055
2018-12-12 00:33:12.411339,95.6055
2018-12-12 00:33:17.410867,95.6055
2018-12-12 00:33:22.411182,95.6055
2018-12-12 00:33:27.410975,95.6055
2018-12-12 00:33:32.408743,95.2148
2018-12-12 00:33:37.409172,94.2383
2018-12-12 00:33:42.411246,95.6055
2018-12-12 00:33:47.415478,95.6055
2018-12-12 00:33:52.408566,95.6055
2018-12-12 00:33:57.414619,95.6055
2018-12-12 00:34:02.463368,95.6055
2018-12-12 00:34:07.408970,95.5078
2018-12-12 00:34:12.410811,95.6055
2018-12-12 00:34:17.453046,95.6055
2018-12-12 00:34:22.427425,95.6055
2018-12-12 00:34:27.408247,95.6055
2018-12-12 00:34:32.408730,95.6055
2018-12-12 00:34:37.411329,95.5078
2018-12-12 00:34:42.408227,95.5078
2018-12-12 00:34:47.458687,95.5078
2018-12-12 00:34:52.409759,95.5078
2018-12-12 00:34:57.408636,95.5078
2018-12-12 00:35:02.409809,95.5078
2018-12-12 00:35:07.407518,95.5078
2018-12-12 00:35:12.422577,95.5078
2018-12-12 00:35:17.449883,95.5078
2018-12-12 00:35:22.407622,95.5078
2018-12-12 00:35:27.406952,95.5078
2018-12-12 00:35:32.410486,95.5078
2018-12-12 00:35:37.444152,95.2148
2018-12-12 00:35:42.424449,95.5078
2018-12-12 00:35:47.408661,95.5078
2018-12-12 00:35:52.407713,94.1406
2018-12-12 00:35:57.406028,95.2148
2018-12-12 00:36:02.407250,95.2148
2018-12-12 00:36:07.453333,95.2148
2018-12-12 00:36:12.406923,94.9219
2018-12-12 00:36:17.407117,95.2148
2018-12-12 00:36:22.407711,95.2148
2018-12-12 00:36:27.405737,95.2148
2018-12-12 00:36:32.407202,95.2148
2018-12-12 00:36:37.407719,95.2148
2018-12-12 00:36:42.404898,95.2148
2018-12-12 00:36:47.465627,95.2148
2018-12-12 00:36:52.405089,95.2148
2018-12-12 00:36:57.404722,95.2148
2018-12-12 00:37:02.404989,95.2148
2018-12-12 00:37:07.404014,95.1172
2018-12-12 00:37:12.407173,95.2148
2018-12-12 00:37:17.448038,95.1172
2018-12-12 00:37:22.408725,95.1172
2018-12-12 00:37:27.445132,95.2148
2018-12-12 00:37:32.404062,95.0195
2018-12-12 00:37:37.432950,95.1172
2018-12-12 00:37:42.403363,95.1172
2018-12-12 00:37:47.445814,95.1172
2018-12-12 00:37:52.403251,95.1172
2018-12-12 00:37:57.412868,95.1172
2018-12-12 00:38:02.403258,95.1172
2018-12-12 00:38:07.405136,95.1172
2018-12-12 00:38:12.419837,95.1172
2018-12-12 00:38:17.480586,95.1172
2018-12-12 00:38:22.403195,95.1172
2018-12-12 00:38:27.407708,95.1172
2018-12-12 00:38:32.403014,95.0195
2018-12-12 00:38:37.448424,95.0195
2018-12-12 00:38:42.403504,95.0195
2018-12-12 00:38:47.402968,95.0195
2018-12-12 00:38:52.401530,95.0195
2018-12-12 00:38:57.401301,95.0195
2018-12-12 00:39:02.404839,95.0195
2018-12-12 00:39:07.403263,95.0195
2018-12-12 00:39:12.400810,95.0195
2018-12-12 00:39:17.400287,95.0195
2018-12-12 00:39:22.400437,95.0195
2018-12-12 00:39:27.446474,95.0195
2018-12-12 00:39:32.403451,94.9219
2018-12-12 00:39:37.404183,94.9219
2018-12-12 00:39:42.401693,94.9219
2018-12-12 00:39:47.445731,94.9219
2018-12-12 00:39:52.401123,94.9219
2018-12-12 00:39:57.445261,94.9219
2018-12-12 00:40:02.400349,94.9219
2018-12-12 00:40:07.399658,94.9219
2018-12-12 00:40:12.400266,94.9219
2018-12-12 00:40:17.399298,94.9219
2018-12-12 00:40:22.415469,94.9219
2018-12-12 00:40:27.441646,94.9219
2018-12-12 00:40:32.400514,94.9219
2018-12-12 00:40:37.399153,94.9219
2018-12-12 00:40:42.399144,94.9219
2018-12-12 00:40:47.419930,94.9219
2018-12-12 00:40:52.415606,95.0195
2018-12-12 00:40:57.440503,95.0195
2018-12-12 00:41:02.400304,95.2148
2018-12-12 00:41:07.397704,95.4102
2018-12-12 00:41:12.399154,95.5078
2018-12-12 00:41:17.445878,95.6055
2018-12-12 00:41:22.399189,95.6055
2018-12-12 00:41:27.402476,95.7031
2018-12-12 00:41:32.400418,95.7031
2018-12-12 00:41:37.396701,95.7031
2018-12-12 00:41:42.399192,95.7031
2018-12-12 00:41:47.439170,95.6055
2018-12-12 00:41:52.400598,95.6055
2018-12-12 00:41:57.397865,95.6055
2018-12-12 00:42:02.398018,95.6055
2018-12-12 00:42:07.403831,95.6055
2018-12-12 00:42:12.396692,95.6055
2018-12-12 00:42:17.455400,95.6055
2018-12-12 00:42:22.398461,95.6055
2018-12-12 00:42:27.395659,95.5078
2018-12-12 00:42:32.396451,95.5078
2018-12-12 00:42:37.400157,95.5078
2018-12-12 00:42:42.396302,95.5078
2018-12-12 00:42:47.437750,95.4102
2018-12-12 00:42:52.399885,95.4102
2018-12-12 00:42:57.394832,95.4102
2018-12-12 00:43:02.395590,95.4102
2018-12-12 00:43:07.393535,95.3125
2018-12-12 00:43:12.395480,95.4102
2018-12-12 00:43:17.438495,95.3125
2018-12-12 00:43:22.395085,95.3125
2018-12-12 00:43:27.392893,95.3125
2018-12-12 00:43:32.397624,95.3125
2018-12-12 00:43:37.396438,95.3125
2018-12-12 00:43:42.394337,95.3125
2018-12-12 00:43:47.437152,95.3125
2018-12-12 00:43:52.394687,95.3125
2018-12-12 00:43:57.393153,95.3125
2018-12-12 00:44:02.395081,95.3125
2018-12-12 00:44:07.393504,95.3125
2018-12-12 00:44:12.394909,95.3125
2018-12-12 00:44:17.453160,95.3125
2018-12-12 00:44:22.394872,95.3125
2018-12-12 00:44:27.437152,95.3125
2018-12-12 00:44:32.395935,95.3125
2018-12-12 00:44:37.396686,95.3125
2018-12-12 00:44:42.396531,95.3125
2018-12-12 00:44:47.451765,95.3125
2018-12-12 00:44:52.393763,95.3125
2018-12-12 00:44:57.393393,95.2148
2018-12-12 00:45:02.393019,95.2148
2018-12-12 00:45:07.391230,95.2148
2018-12-12 00:45:12.392349,95.2148
2018-12-12 00:45:17.435345,95.2148
2018-12-12 00:45:22.392803,95.2148
2018-12-12 00:45:27.408658,95.2148
2018-12-12 00:45:32.391163,95.2148
2018-12-12 00:45:37.392040,95.2148
2018-12-12 00:45:42.392239,95.2148
2018-12-12 00:45:47.436586,95.2148
2018-12-12 00:45:52.391601,95.2148
2018-12-12 00:45:57.391467,95.2148
2018-12-12 00:46:02.391247,95.2148
2018-12-12 00:46:07.435910,95.2148
2018-12-12 00:46:12.391045,95.2148
2018-12-12 00:46:17.391757,95.2148
2018-12-12 00:46:22.389582,95.2148
2018-12-12 00:46:27.392245,95.2148
2018-12-12 00:46:32.389020,95.2148
2018-12-12 00:46:37.444187,95.2148
2018-12-12 00:46:42.415381,95.2148
2018-12-12 00:46:47.435667,95.2148
2018-12-12 00:46:52.390442,95.2148
2018-12-12 00:46:57.433538,95.2148
2018-12-12 00:47:02.389091,95.2148
2018-12-12 00:47:07.435259,95.2148
2018-12-12 00:47:12.388734,95.2148
2018-12-12 00:47:17.387710,95.2148
2018-12-12 00:47:22.396011,95.2148
2018-12-12 00:47:27.386951,95.2148
2018-12-12 00:47:32.388140,95.2148
2018-12-12 00:47:37.433042,95.2148
2018-12-12 00:47:42.388498,95.2148
2018-12-12 00:47:47.387199,95.2148
2018-12-12 00:47:52.388498,95.2148
2018-12-12 00:47:57.388471,95.2148
2018-12-12 00:48:02.431956,95.2148
2018-12-12 00:48:07.439395,95.2148
2018-12-12 00:48:12.388360,95.2148
2018-12-12 00:48:17.387125,95.2148
2018-12-12 00:48:22.387411,95.2148
2018-12-12 00:48:27.388350,95.2148
2018-12-12 00:48:32.395256,95.2148
2018-12-12 00:48:37.390984,95.2148
2018-12-12 00:48:42.392427,95.2148
2018-12-12 00:48:47.387692,95.2148
2018-12-12 00:48:52.387711,95.2148
2018-12-12 00:48:57.429588,95.2148
2018-12-12 00:49:02.387593,95.2148
2018-12-12 00:49:07.390872,95.2148
2018-12-12 00:49:12.386598,95.2148
2018-12-12 00:49:17.429549,95.2148
2018-12-12 00:49:22.387769,95.2148
2018-12-12 00:49:27.439526,95.2148
2018-12-12 00:49:32.403264,95.2148
2018-12-12 00:49:37.388128,95.2148
2018-12-12 00:49:42.385859,95.2148
2018-12-12 00:49:47.384392,95.2148
2018-12-12 00:49:52.387024,95.2148
2018-12-12 00:49:57.429461,95.2148
2018-12-12 00:50:02.423455,95.2148
2018-12-12 00:50:07.388763,95.2148
2018-12-12 00:50:12.383930,95.2148
2018-12-12 00:50:17.384996,95.2148
2018-12-12 00:50:22.404372,1575.0977
2018-12-12 00:50:27.383926,95.2148
2018-12-12 00:50:32.383347,95.2148
2018-12-12 00:50:37.382826,95.2148
2018-12-12 00:50:42.416976,95.2148
2018-12-12 00:50:47.424778,95.2148
2018-12-12 00:50:52.383384,95.1172
2018-12-12 00:50:57.387562,95.2148
2018-12-12 00:51:02.385569,95.2148
2018-12-12 00:51:07.400582,95.2148
2018-12-12 00:51:12.383222,95.2148
2018-12-12 00:51:17.464696,95.2148
2018-12-12 00:51:22.384732,95.2148
2018-12-12 00:51:27.399822,95.2148
2018-12-12 00:51:32.383051,95.2148
2018-12-12 00:51:37.449874,95.2148
2018-12-12 00:51:42.383005,95.2148
2018-12-12 00:51:47.431636,95.2148
2018-12-12 00:51:52.389538,95.2148
2018-12-12 00:51:57.384974,95.2148
2018-12-12 00:52:02.380767,95.2148
2018-12-12 00:52:07.384174,95.2148
2018-12-12 00:52:12.381579,95.2148
2018-12-12 00:52:17.422704,95.2148
2018-12-12 00:52:22.380868,95.1172
2018-12-12 00:52:27.380524,95.4102
2018-12-12 00:52:32.381381,94.8242
2018-12-12 00:52:37.380773,94.9219
2018-12-12 00:52:42.392633,95.1172
2018-12-12 00:52:47.383234,95.1172
2018-12-12 00:52:52.382510,95.1172
2018-12-12 00:52:57.433214,95.1172
2018-12-12 00:53:02.379738,95.1172
2018-12-12 00:53:07.379025,95.1172
2018-12-12 00:53:12.379641,95.1172
2018-12-12 00:53:17.379603,95.1172
2018-12-12 00:53:22.379291,95.1172
2018-12-12 00:53:27.420698,95.1172
2018-12-12 00:53:32.380294,95.1172
2018-12-12 00:53:37.383172,95.1172
2018-12-12 00:53:42.383310,95.1172
2018-12-12 00:53:47.421370,95.1172
2018-12-12 00:53:52.381132,95.1172
2018-12-12 00:53:57.423550,95.1172
2018-12-12 00:54:02.378909,95.1172
2018-12-12 00:54:07.383243,95.1172
2018-12-12 00:54:12.378840,95.1172
2018-12-12 00:54:17.376127,95.1172
2018-12-12 00:54:22.378560,95.1172
2018-12-12 00:54:27.429616,95.1172
2018-12-12 00:54:32.377882,95.2148
2018-12-12 00:54:37.377748,95.2148
2018-12-12 00:54:42.389981,95.2148
2018-12-12 00:54:47.378938,95.1172
2018-12-12 00:54:52.381708,95.1172
2018-12-12 00:54:57.420566,95.1172
2018-12-12 00:55:02.376506,95.1172
2018-12-12 00:55:07.376858,95.2148
2018-12-12 00:55:12.410856,95.2148
2018-12-12 00:55:17.378931,95.2148
2018-12-12 00:55:22.384383,95.2148
2018-12-12 00:55:27.421812,95.2148
2018-12-12 00:55:32.443392,95.2148
2018-12-12 00:55:37.378905,95.2148
2018-12-12 00:55:42.383417,95.2148
2018-12-12 00:55:47.377250,95.2148
2018-12-12 00:55:52.375340,95.2148
2018-12-12 00:55:57.417114,95.3125
2018-12-12 00:56:02.376018,95.3125
2018-12-12 00:56:07.376104,95.3125
2018-12-12 00:56:12.375533,95.3125
2018-12-12 00:56:17.380472,95.3125
2018-12-12 00:56:22.375799,95.3125
2018-12-12 00:56:27.424348,95.3125
2018-12-12 00:56:32.375103,95.3125
2018-12-12 00:56:37.375556,95.3125
2018-12-12 00:56:42.380520,95.3125
2018-12-12 00:56:47.399164,95.3125
2018-12-12 00:56:52.375079,95.4102
2018-12-12 00:56:57.428268,95.4102
2018-12-12 00:57:02.375195,95.4102
2018-12-12 00:57:07.374620,95.4102
2018-12-12 00:57:12.372869,95.4102
2018-12-12 00:57:17.407944,95.4102
2018-12-12 00:57:28.128044,95.4102
2018-12-12 00:57:33.079123,95.5078
2018-12-12 00:57:38.105480,95.7031
2018-12-12 00:57:43.075214,95.7031
2018-12-12 00:57:48.075193,95.5078
2018-12-12 00:57:53.073753,95.5078
2018-12-12 00:57:58.079131,95.8008
2018-12-12 00:58:03.075726,95.8008
2018-12-12 00:58:08.076386,95.6055
2018-12-12 00:58:13.074991,95.8008
2018-12-12 00:58:18.076987,95.7031
2018-12-12 00:58:23.072638,95.1172
2018-12-12 00:58:28.095379,95.0195
2018-12-12 00:58:33.074349,95.3125
2018-12-12 00:58:38.072339,95.3125
2018-12-12 00:58:43.073807,95.3125
2018-12-12 00:58:48.120235,95.3125
2018-12-12 00:58:53.075771,95.4102
2018-12-12 00:58:58.071665,95.4102
2018-12-12 00:59:03.072546,95.4102
2018-12-12 00:59:08.076208,95.4102
2018-12-12 00:59:13.074976,95.1172
2018-12-12 00:59:18.082878,95.2148
2018-12-12 00:59:23.072184,95.4102
2018-12-12 00:59:28.101149,95.3125
2018-12-12 00:59:33.071997,95.4102
2018-12-12 00:59:38.115414,95.3125
2018-12-12 00:59:43.071321,95.3125
2018-12-12 00:59:48.071332,95.3125
2018-12-12 00:59:53.080553,95.4102
2018-12-12 00:59:58.070380,95.1172
2018-12-12 01:00:03.070804,95.1172
2018-12-12 01:00:08.068637,95.1172
2018-12-12 01:00:13.071116,95.1172
2018-12-12 01:00:18.068982,95.1172
2018-12-12 01:00:23.070482,95.1172
2018-12-12 01:00:28.113002,95.1172
2018-12-12 01:00:33.070994,95.1172
2018-12-12 01:00:38.069595,95.1172
2018-12-12 01:00:43.069683,95.1172
2018-12-12 01:00:48.068534,95.1172
2018-12-12 01:00:53.072961,95.1172
2018-12-12 01:00:58.108549,95.1172
2018-12-12 01:01:03.075857,95.1172
2018-12-12 01:01:08.176978,95.1172
2018-12-12 01:01:13.087382,95.1172
2018-12-12 01:01:18.068256,95.1172
2018-12-12 01:01:23.068892,95.2148
2018-12-12 01:01:28.116310,95.2148
2018-12-12 01:01:33.068810,95.2148
2018-12-12 01:01:38.067534,95.1172
2018-12-12 01:01:43.068140,95.1172
2018-12-12 01:01:48.071961,95.2148
2018-12-12 01:01:53.067810,95.2148
2018-12-12 01:01:58.109849,95.2148
2018-12-12 01:02:03.068988,95.2148
2018-12-12 01:02:08.068002,95.1172
2018-12-12 01:02:13.067276,95.1172
2018-12-12 01:02:18.067260,95.1172
2018-12-12 01:02:23.067185,95.2148
2018-12-12 01:02:28.111190,95.1172
2018-12-12 01:02:33.107489,95.2148
2018-12-12 01:02:38.066886,95.2148
2018-12-12 01:02:43.067697,95.2148
2018-12-12 01:02:48.066934,95.2148
2018-12-12 01:02:53.066790,95.2148
2018-12-12 01:02:58.109244,95.2148
2018-12-12 01:03:03.066441,95.2148
2018-12-12 01:03:08.067311,95.2148
2018-12-12 01:03:13.067733,95.2148
2018-12-12 01:03:18.109852,95.2148
2018-12-12 01:03:23.067712,95.2148
2018-12-12 01:03:28.066812,95.0195
2018-12-12 01:03:33.064747,95.0195
2018-12-12 01:03:38.063657,95.2148
2018-12-12 01:03:43.077459,94.8242
2018-12-12 01:03:48.064054,95.1172
2018-12-12 01:03:53.065218,95.2148
2018-12-12 01:03:58.064334,95.2148
2018-12-12 01:04:03.064692,95.2148
2018-12-12 01:04:08.070948,95.2148
2018-12-12 01:04:13.067424,95.2148
2018-12-12 01:04:18.068141,94.7266
2018-12-12 01:04:23.064808,95.0195
2018-12-12 01:04:28.066739,95.1172
2018-12-12 01:04:33.063860,95.2148
2018-12-12 01:04:38.063840,95.2148
2018-12-12 01:04:43.063486,95.2148
2018-12-12 01:04:48.063343,95.2148
2018-12-12 01:04:53.063817,95.2148
2018-12-12 01:04:58.112596,95.2148
2018-12-12 01:05:03.064370,95.2148
2018-12-12 01:05:08.064143,95.2148
2018-12-12 01:05:13.062942,95.2148
2018-12-12 01:05:18.068746,95.2148
2018-12-12 01:05:23.063526,95.2148
2018-12-12 01:05:28.105133,95.2148
2018-12-12 01:05:33.063299,95.2148
2018-12-12 01:05:38.062472,95.2148
2018-12-12 01:05:43.074890,95.2148
2018-12-12 01:05:48.065580,95.2148
2018-12-12 01:05:53.062569,95.2148
2018-12-12 01:05:58.104743,95.2148
2018-12-12 01:06:03.062567,95.2148
2018-12-12 01:06:08.060111,95.2148
2018-12-12 01:06:13.062487,95.2148
2018-12-12 01:06:18.061587,95.2148
2018-12-12 01:06:23.061189,95.2148
2018-12-12 01:06:28.101846,95.2148
2018-12-12 01:06:33.061177,95.2148
2018-12-12 01:06:38.060140,95.2148
2018-12-12 01:06:43.060667,95.2148
2018-12-12 01:06:48.070908,95.2148
2018-12-12 01:06:53.060868,95.2148
2018-12-12 01:06:58.101138,95.2148
2018-12-12 01:07:03.060932,95.2148
2018-12-12 01:07:08.059973,95.2148
2018-12-12 01:07:13.060147,95.2148
2018-12-12 01:07:18.061519,95.2148
2018-12-12 01:07:23.059281,95.3125
2018-12-12 01:07:28.104359,95.2148
2018-12-12 01:07:33.059171,95.2148
2018-12-12 01:07:38.059665,95.2148
2018-12-12 01:07:43.064964,95.2148
2018-12-12 01:07:48.058730,95.2148
2018-12-12 01:07:53.059623,95.2148
2018-12-12 01:07:58.101642,95.2148
2018-12-12 01:08:03.058799,95.2148
2018-12-12 01:08:08.056695,95.2148
2018-12-12 01:08:13.058935,95.2148
2018-12-12 01:08:18.056705,95.2148
2018-12-12 01:08:23.059015,95.2148
2018-12-12 01:08:28.103327,95.3125
2018-12-12 01:08:33.058914,95.3125
2018-12-12 01:08:38.056905,95.3125
2018-12-12 01:08:43.059481,95.3125
2018-12-12 01:08:48.055611,95.4102
2018-12-12 01:08:53.062780,95.4102
2018-12-12 01:08:58.100691,95.3125
2018-12-12 01:09:03.056971,95.4102
2018-12-12 01:09:08.055620,95.4102
2018-12-12 01:09:13.059163,95.4102
2018-12-12 01:09:18.057627,95.4102
2018-12-12 01:09:23.056378,95.4102
2018-12-12 01:09:28.096828,95.5078
2018-12-12 01:09:33.056104,95.5078
2018-12-12 01:09:38.058271,95.4102
2018-12-12 01:09:43.056746,95.5078
2018-12-12 01:09:48.056535,95.5078
2018-12-12 01:09:53.055829,95.5078
2018-12-12 01:09:58.096888,95.5078
2018-12-12 01:10:03.055353,95.5078
2018-12-12 01:10:08.056399,95.4102
2018-12-12 01:10:13.058555,95.3125
2018-12-12 01:10:18.055360,95.4102
2018-12-12 01:10:23.059231,6380.0781
2018-12-12 01:10:28.098832,95.5078
2018-12-12 01:10:33.054939,95.5078
2018-12-12 01:10:38.058810,95.5078
2018-12-12 01:10:43.054823,95.5078
2018-12-12 01:10:48.053647,95.5078
2018-12-12 01:10:53.055823,95.5078
2018-12-12 01:10:58.096610,95.5078
2018-12-12 01:11:03.087252,95.5078
2018-12-12 01:11:08.055420,95.5078
2018-12-12 01:11:13.055160,95.5078
2018-12-12 01:11:18.096558,95.5078
2018-12-12 01:11:23.052662,95.6055
2018-12-12 01:11:28.051969,95.6055
2018-12-12 01:11:33.084967,95.6055
2018-12-12 01:11:38.053040,95.6055
2018-12-12 01:11:43.052670,95.6055
2018-12-12 01:11:48.108846,95.6055
2018-12-12 01:11:53.052519,95.6055
2018-12-12 01:11:58.052419,95.6055
2018-12-12 01:12:03.052917,95.6055
2018-12-12 01:12:08.051361,95.6055
2018-12-12 01:12:13.051937,95.6055
2018-12-12 01:12:18.092879,95.6055
2018-12-12 01:12:23.051514,95.6055
2018-12-12 01:12:28.051601,95.7031
2018-12-12 01:12:33.052558,95.6055
2018-12-12 01:12:38.051985,95.7031
2018-12-12 01:12:43.051359,95.7031
2018-12-12 01:12:48.093062,95.7031
2018-12-12 01:12:53.082893,95.7031
2018-12-12 01:12:58.052695,95.7031
2018-12-12 01:13:03.051244,95.7031
2018-12-12 01:13:08.050996,95.6055
2018-12-12 01:13:13.051647,95.7031
2018-12-12 01:13:18.095109,95.7031
2018-12-12 01:13:23.053163,95.7031
2018-12-12 01:13:28.060364,95.7031
2018-12-12 01:13:33.062336,95.7031
2018-12-12 01:13:38.051176,95.7031
