timestamp,water
2018-12-11 00:48:13.259045,0.0796
2018-12-11 00:51:28.253186,0.0796
2018-12-11 00:51:33.251739,0.0796
2018-12-11 00:51:38.249509,0.0796
2018-12-11 00:51:43.250985,0.0796
2018-12-11 00:51:48.293219,0.0796
2018-12-11 00:51:53.250766,0.0796
2018-12-11 01:45:05.096603,0.0799
2018-12-11 01:45:10.092205,0.0799
2018-12-11 01:45:15.143020,0.0799
2018-12-11 01:45:20.115808,0.0799
2018-12-11 01:45:25.093103,0.0799
2018-12-11 01:45:30.161082,0.0799
2018-12-11 01:45:35.093250,0.0799
2018-12-11 01:45:40.099087,0.0799
2018-12-11 01:45:45.093160,0.0799
2018-12-11 01:45:50.138426,0.0799
2018-12-11 01:45:55.092989,0.0799
2018-12-11 01:46:00.098587,0.0799
2018-12-11 01:46:05.092370,0.0799
2018-12-11 01:46:10.103959,0.0799
2018-12-11 01:46:15.092185,0.0799
2018-12-11 01:46:20.137065,0.0799
2018-12-11 01:46:25.095464,0.0799
2018-12-11 01:46:30.092380,0.0799
2018-12-11 01:46:35.092564,0.0799
2018-12-11 01:46:40.090341,0.0799
2018-12-11 01:46:45.091669,0.0799
2018-12-11 01:46:50.148433,0.0799
2018-12-11 01:46:55.140512,0.0799
2018-12-11 01:47:00.089843,0.0799
2018-12-11 01:47:05.091486,0.0799
2018-12-11 01:47:10.095859,0.0799
2018-12-11 01:47:15.091227,0.0799
2018-12-11 01:47:20.171868,0.0799
2018-12-11 01:47:25.093954,0.0799
2018-12-11 01:47:30.095147,0.0799
2018-12-11 01:47:35.092304,0.0799
2018-12-11 01:47:40.140272,0.0799
2018-12-11 01:47:45.090043,0.0799
2018-12-11 01:47:50.129295,0.0799
2018-12-11 01:47:55.090257,0.0799
2018-12-11 01:48:00.091100,0.0799
2018-12-11 01:48:05.124597,0.0799
2018-12-11 01:48:10.090004,0.0799
2018-12-11 01:48:15.089894,0.0799
2018-12-11 01:48:20.145052,0.0799
2018-12-11 01:48:25.088569,0.0799
2018-12-11 05:48:47.283119, 96.629
2018-12-11 05:48:52.257275, 96.600
2018-12-11 05:55:07.242903, 96.615
2018-12-11 05:55:12.243063, 96.629
2018-12-11 05:55:17.239983, 96.615
2018-12-11 05:55:22.240288, 96.615
2018-12-11 05:55:27.237883, 96.643
2018-12-11 05:55:32.239936, 96.615
2018-12-11 05:55:37.282330, 96.615
2018-12-11 05:59:02.237266, 98.440
2018-12-11 05:59:07.233763, 98.454
2018-12-11 05:59:12.235138, 98.469
2018-12-11 05:59:17.234054, 98.454
2018-12-11 05:59:22.235056, 98.454
2018-12-11 05:59:27.233206, 98.454
2018-12-11 05:59:32.234715, 98.454
2018-12-11 05:59:37.251627, 98.440
2018-12-11 05:59:42.237051, 98.440
2018-12-11 05:59:47.234338, 98.426
2018-12-11 05:59:52.234757, 98.454
2018-12-11 05:59:57.249708, 98.454
2018-12-11 06:00:02.233567, 98.469
2018-12-11 06:00:58.774089, 98.411
2018-12-11 06:01:03.772345, 98.426
2018-12-11 06:01:08.813558, 98.426
2018-12-11 06:01:13.772328, 98.440
2018-12-11 06:01:18.773036, 98.411
2018-12-11 06:01:23.772150, 98.426
2018-12-11 06:01:28.790663, 98.440
2018-12-11 06:01:33.773604, 98.440
2018-12-11 06:01:38.813362, 98.426
2018-12-11 06:01:43.771811, 98.426
2018-12-11 06:01:48.772563, 98.426
2018-12-11 06:01:53.771056, 98.440
2018-12-11 06:01:58.769661, 98.440
2018-12-11 06:02:03.770735, 98.426
2018-12-11 06:02:08.771011, 98.440
2018-12-11 06:25:08.026370, 95.709
2018-12-11 06:25:13.025131, 95.695
2018-12-11 06:26:08.026313, 95.695
2018-12-11 06:26:13.022403, 95.709
2018-12-11 06:26:53.022182, 95.695
2018-12-11 06:27:18.027725, 95.709
2018-12-11 06:27:23.021882, 95.695
2018-12-11 06:27:28.023194, 95.681
2018-12-11 06:27:33.020624, 95.681
2018-12-11 06:27:38.065145, 95.653
2018-12-11 06:27:43.020489, 95.695
2018-12-11 06:34:39.545095, 95.596
2018-12-11 06:34:44.543289, 95.596
2018-12-11 06:34:49.589704, 95.596
2018-12-11 06:34:54.543251, 95.610
2018-12-11 06:34:59.548136, 95.639
2018-12-11 06:35:05.166729, 95.540
2018-12-11 06:35:10.121697, 95.469
2018-12-11 06:35:15.124830, 95.526
2018-12-11 06:35:20.121830, 95.568
2018-12-11 06:38:00.156809, 95.582
2018-12-11 06:38:05.161470, 95.582
2018-12-11 06:38:10.117855, 95.554
2018-12-11 06:38:15.119328, 95.554
2018-12-11 06:40:50.114245, 95.526
2018-12-11 06:40:55.115859, 95.540
2018-12-11 06:41:00.114003, 95.540
2018-12-11 06:41:05.115958, 95.526
2018-12-11 06:41:10.113165, 95.526
2018-12-11 06:41:15.165889, 95.540
2018-12-11 06:41:20.113292, 95.540
2018-12-11 06:41:25.115516, 95.512
2018-12-11 06:41:30.112587, 95.498
2018-12-11 06:41:35.157310, 95.512
2018-12-11 06:42:00.112516, 95.469
2018-12-11 06:42:05.114175, 95.512
2018-12-11 06:43:50.110246, 95.498
2018-12-11 06:43:55.124954, 95.469
2018-12-11 06:44:00.109750, 95.498
2018-12-11 06:49:53.163555, 95.512
2018-12-11 06:51:28.205034, 95.484
2018-12-11 07:04:37.852025, 95.469
2018-12-11 07:04:42.847566, 95.469
2018-12-11 07:04:47.848927, 95.469
2018-12-11 07:04:52.847336, 95.441
2018-12-11 07:04:57.848152, 95.455
2018-12-11 07:05:32.846052, 95.469
2018-12-11 07:05:37.847666, 95.469
2018-12-11 21:41:56.947314, 95.427
2018-12-11 21:42:01.989610, 95.371
2018-12-11 21:42:06.947699, 95.371
2018-12-11 21:42:11.945778, 95.357
2018-12-11 21:42:16.953740, 95.315
2018-12-11 21:42:21.948554, 95.357
2018-12-11 21:42:26.947795, 95.399
2018-12-11 21:42:32.017362, 95.427
2018-12-11 21:42:36.947501, 95.427
2018-12-11 21:42:41.949810, 95.441
2018-12-11 21:42:46.946666, 95.385
2018-12-11 21:42:51.948433, 95.272
2018-12-11 21:42:56.947754, 95.329
2018-12-11 21:43:01.974865, 95.357
2018-12-11 21:43:06.945734, 95.315
2018-12-11 21:43:11.985743, 95.329
2018-12-11 21:43:16.945763, 95.582
2018-12-11 21:43:21.944014, 97.140
2018-12-11 21:43:26.946441, 96.232
2018-12-11 21:43:31.945970, 96.416
2018-12-11 21:43:36.945239, 96.402
2018-12-11 21:43:41.945401, 96.416
2018-12-11 21:43:46.944703, 96.388
2018-12-11 21:43:51.950313, 96.444
2018-12-11 21:43:56.944425, 96.430
2018-12-11 21:44:01.986516, 96.459
2018-12-11 21:44:06.944341, 96.444
2018-12-11 21:44:11.942685, 96.487
2018-12-11 21:44:16.945270, 96.515
2018-12-11 21:44:21.946374, 96.473
2018-12-11 21:44:26.946835, 96.544
2018-12-11 21:44:32.019028, 96.558
2018-12-11 21:44:36.943964, 96.558
2018-12-11 21:44:41.941507, 96.572
2018-12-11 21:44:46.943346, 96.686
2018-12-11 21:44:51.950107, 96.757
2018-12-11 21:44:56.944887, 96.742
2018-12-11 21:45:02.025938, 96.714
2018-12-11 21:45:06.944522, 96.771
2018-12-11 21:45:11.949546, 96.785
2018-12-11 21:45:16.944271, 96.813
2018-12-11 21:45:21.946038, 96.899
2018-12-11 21:45:26.942918, 96.984
2018-12-11 21:45:31.982135, 96.913
2018-12-11 21:45:36.947321, 97.055
2018-12-11 21:45:41.945215, 96.884
2018-12-11 21:45:46.941436, 96.927
2018-12-11 21:45:51.940577, 96.998
2018-12-11 21:45:56.941427, 97.069
2018-12-11 21:46:01.984620, 97.069
2018-12-11 21:46:06.947905, 96.998
2018-12-11 21:46:11.943839, 96.941
2018-12-11 21:46:16.940850, 96.941
2018-12-11 21:46:21.982709, 96.970
2018-12-11 21:46:26.944057, 96.941
2018-12-11 21:46:31.941672, 96.984
2018-12-11 21:46:36.940724, 96.970
2018-12-11 21:46:41.945396, 97.012
2018-12-11 21:46:46.943317, 97.026
2018-12-11 21:46:51.982736, 96.970
2018-12-11 21:46:56.941245, 97.012
2018-12-11 21:47:01.938126, 96.955
2018-12-11 21:47:06.939564, 96.984
2018-12-11 21:47:11.995206, 96.955
2018-12-11 21:47:16.941552, 96.998
2018-12-11 21:47:21.983761, 96.984
2018-12-11 21:47:26.939561, 97.012
2018-12-11 21:47:31.937976, 97.041
2018-12-11 21:47:36.940031, 97.055
2018-12-11 21:47:41.976515, 97.012
2018-12-11 21:47:46.942074, 96.955
2018-12-11 21:47:52.004228, 96.970
2018-12-11 21:47:56.938817, 96.927
2018-12-11 21:48:01.938099, 96.884
2018-12-11 21:48:06.938511, 96.870
2018-12-11 21:48:11.937756, 96.856
2018-12-11 21:48:16.937926, 96.870
2018-12-11 21:48:21.977220, 96.913
2018-12-11 21:48:26.937598, 96.927
2018-12-11 21:48:31.939294, 96.998
2018-12-11 21:48:36.937394, 96.941
2018-12-11 21:48:41.951528, 97.012
2018-12-11 21:48:46.937427, 96.913
2018-12-11 21:48:51.981347, 96.927
2018-12-11 21:48:56.936612, 96.941
2018-12-11 21:49:01.936333, 96.941
2018-12-11 21:49:06.977629, 96.941
2018-12-11 21:49:11.936303, 96.984
2018-12-11 21:49:16.936798, 96.970
2018-12-11 21:49:21.977389, 96.970
2018-12-11 21:49:26.936684, 96.927
2018-12-11 21:49:31.935087, 96.884
2018-12-11 21:49:36.935879, 96.827
2018-12-11 21:49:41.941344, 96.842
2018-12-11 21:49:46.936488, 96.842
2018-12-11 21:49:51.977088, 96.842
2018-12-11 21:49:56.936255, 96.799
2018-12-11 21:50:01.938195, 96.785
2018-12-11 21:50:06.936180, 96.785
2018-12-11 21:50:11.933634, 96.771
2018-12-11 21:50:16.935411, 96.785
2018-12-11 21:50:21.979680, 96.799
2018-12-11 21:50:26.940539, 96.728
2018-12-11 21:50:31.933306, 96.799
2018-12-11 21:50:36.935656, 96.714
2018-12-11 21:50:41.936018, 96.757
2018-12-11 21:50:46.936512, 96.813
2018-12-11 21:50:51.976639, 96.785
2018-12-11 21:50:56.933985, 96.771
2018-12-11 21:51:01.937128, 96.785
2018-12-11 21:51:06.933458, 96.757
2018-12-11 21:51:11.937421, 96.742
2018-12-11 21:51:16.934485, 96.714
2018-12-11 21:51:21.975668, 96.714
2018-12-11 21:51:26.932831, 96.700
2018-12-11 21:51:31.934823, 96.714
2018-12-11 21:51:36.939150, 96.686
2018-12-11 21:51:41.938688, 96.686
2018-12-11 21:51:46.932582, 96.671
2018-12-11 21:51:51.977738, 96.657
2018-12-11 21:51:56.932176, 96.615
2018-12-11 21:52:01.931598, 96.600
2018-12-11 21:52:06.931800, 96.572
2018-12-11 21:52:11.933268, 96.600
2018-12-11 21:52:16.934820, 96.629
2018-12-11 21:52:21.972811, 96.657
2018-12-11 21:52:26.932419, 96.700
2018-12-11 21:52:31.930554, 96.714
2018-12-11 21:52:36.932443, 96.771
2018-12-11 21:52:41.986310, 96.742
2018-12-11 21:52:46.931692, 96.742
2018-12-11 21:52:51.930408, 96.785
2018-12-11 21:52:56.931319, 96.785
2018-12-11 21:53:01.937014, 96.813
2018-12-11 21:53:06.931387, 96.799
2018-12-11 21:53:11.972699, 96.856
2018-12-11 21:53:16.940521, 96.827
2018-12-11 21:53:21.931297, 96.842
2018-12-11 21:53:26.929552, 96.785
2018-12-11 21:53:31.936769, 96.742
2018-12-11 21:53:36.931684, 96.771
2018-12-11 21:53:41.974517, 96.700
2018-12-11 21:53:46.930827, 96.728
2018-12-11 21:53:51.927678, 96.671
2018-12-11 21:53:56.961694, 96.671
2018-12-11 21:54:01.948205, 96.700
2018-12-11 21:54:06.928982, 96.728
2018-12-11 21:54:11.972427, 96.686
2018-12-11 21:54:16.929869, 96.700
2018-12-11 21:54:21.928901, 96.700
2018-12-11 21:54:26.928627, 96.728
2018-12-11 21:54:31.953988, 96.714
2018-12-11 21:54:36.928213, 96.700
2018-12-11 21:54:41.976566, 96.686
2018-12-11 21:54:46.928460, 96.544
2018-12-11 21:54:51.930782, 96.586
2018-12-11 21:54:56.930152, 96.459
2018-12-11 21:55:01.928548, 96.416
2018-12-11 21:55:06.927375, 96.402
2018-12-11 21:55:12.005075, 96.388
2018-12-11 21:55:16.927077, 96.388
2018-12-11 21:55:21.927650, 96.388
2018-12-11 21:55:26.929536, 96.388
2018-12-11 21:55:31.926793, 96.402
2018-12-11 21:55:36.927595, 96.402
2018-12-11 21:55:41.974379, 96.416
2018-12-11 21:55:46.927211, 96.444
2018-12-11 21:55:51.924939, 96.402
2018-12-11 21:55:56.926592, 96.430
2018-12-11 21:56:01.934729, 96.416
2018-12-11 21:56:06.927314, 96.402
2018-12-11 21:56:11.965058, 96.416
2018-12-11 21:56:22.456294, 96.430
2018-12-11 21:56:27.408428, 96.444
2018-12-11 21:56:32.408429, 96.430
2018-12-11 21:56:37.408195, 96.430
2018-12-11 21:56:42.408269, 96.430
2018-12-11 21:56:47.408989, 96.402
2018-12-11 21:56:52.489626, 96.388
2018-12-11 21:56:57.407165, 96.444
2018-12-11 21:57:02.406401, 96.444
2018-12-11 21:57:07.407223, 96.388
2018-12-11 21:57:12.409111, 96.402
2018-12-11 21:57:17.407000, 96.402
2018-12-11 21:57:22.452917, 96.388
2018-12-11 21:57:27.408994, 96.402
2018-12-11 21:57:32.410902, 96.430
2018-12-11 21:57:37.409837, 96.416
2018-12-11 21:57:42.411088, 95.047
2018-12-11 21:57:47.409999, 94.935
2018-12-11 21:57:52.477104, 94.907
2018-12-11 21:57:57.406027, 94.907
2018-12-11 21:58:02.413722, 94.921
2018-12-11 21:58:07.407297, 94.879
2018-12-11 21:58:12.605273, 94.865
2018-12-11 21:58:17.405809, 94.851
2018-12-11 21:58:22.404475, 94.893
2018-12-11 21:58:27.412632, 94.879
2018-12-11 21:58:32.412161, 94.865
2018-12-11 21:58:37.407861, 94.879
2018-12-11 21:58:42.517840, 94.865
2018-12-11 21:58:47.404811, 94.837
2018-12-11 21:58:52.403766, 94.837
2018-12-11 21:58:57.418770, 94.921
2018-12-11 21:59:02.410544, 94.991
2018-12-11 21:59:07.413741, 94.921
2018-12-11 21:59:12.547601, 94.907
2018-12-11 21:59:17.405005, 94.879
2018-12-11 21:59:22.421618, 94.893
2018-12-11 21:59:27.405429, 94.949
2018-12-11 21:59:32.406886, 94.935
2018-12-11 21:59:37.403629, 94.935
2018-12-11 21:59:42.447620, 94.949
2018-12-11 21:59:47.403166, 94.949
2018-12-11 21:59:52.446378, 94.977
2018-12-11 21:59:57.405239, 94.963
2018-12-11 22:00:02.412156, 94.977
2018-12-11 22:00:07.424140, 94.963
2018-12-11 22:00:12.476296, 94.935
2018-12-11 22:00:17.403301, 94.977
2018-12-11 22:00:22.401615, 95.019
2018-12-11 22:00:27.402547, 95.005
2018-12-11 22:00:32.418612, 94.935
2018-12-11 22:00:37.402598, 94.921
2018-12-11 22:00:42.441001, 94.991
2018-12-11 22:00:47.403661, 94.991
2018-12-11 22:00:52.405455, 94.991
2018-12-11 22:00:57.401259, 94.949
2018-12-11 22:01:02.402531, 94.991
2018-12-11 22:01:07.401348, 94.949
2018-12-11 22:01:12.436924, 94.963
2018-12-11 22:01:17.441838, 94.977
2018-12-11 22:01:22.400927, 94.963
2018-12-11 22:01:27.400670, 94.963
2018-12-11 22:01:32.441275, 94.963
2018-12-11 22:01:37.400605, 94.949
2018-12-11 22:01:42.409011, 94.963
2018-12-11 22:01:47.401239, 94.991
2018-12-11 22:01:52.437876, 94.963
2018-12-11 22:01:57.400253, 94.977
2018-12-11 22:02:02.441681, 94.991
2018-12-11 22:02:07.399501, 94.991
2018-12-11 22:02:12.400369, 94.991
2018-12-11 22:02:17.399355, 94.977
2018-12-11 22:02:22.418859, 94.977
2018-12-11 22:02:27.399336, 94.949
2018-12-11 22:02:32.457900, 94.949
2018-12-11 22:02:37.398947, 94.935
2018-12-11 22:02:42.435697, 94.963
2018-12-11 22:02:47.398662, 94.949
2018-12-11 22:02:52.414775, 94.977
2018-12-11 22:02:57.398899, 94.991
2018-12-11 22:03:02.401139, 95.005
2018-12-11 22:03:07.398275, 95.033
2018-12-11 22:03:12.396824, 95.005
2018-12-11 22:03:17.398459, 94.991
2018-12-11 22:03:22.462685, 94.991
2018-12-11 22:03:27.397268, 94.977
2018-12-11 22:03:32.478205, 94.977
2018-12-11 22:03:37.397891, 94.949
2018-12-11 22:03:42.400503, 94.921
2018-12-11 22:03:47.397147, 94.837
2018-12-11 22:03:52.457524, 94.893
2018-12-11 22:03:57.400632, 94.837
2018-12-11 22:04:02.443168, 94.823
2018-12-11 22:04:07.397634, 94.823
2018-12-11 22:04:12.426539, 94.766
2018-12-11 22:04:17.396664, 94.710
2018-12-11 22:04:22.437700, 94.738
2018-12-11 22:04:27.396346, 94.766
2018-12-11 22:04:32.396273, 94.738
2018-12-11 22:04:37.395711, 94.696
2018-12-11 22:04:42.396992, 94.738
2018-12-11 22:04:47.396960, 94.724
2018-12-11 22:04:52.437267, 94.766
2018-12-11 22:04:57.399690, 94.752
2018-12-11 22:05:02.394824, 94.794
2018-12-11 22:05:07.396665, 94.809
2018-12-11 22:05:12.397655, 94.780
2018-12-11 22:05:17.394506, 94.809
2018-12-11 22:05:22.437155, 94.809
2018-12-11 22:05:27.395861, 94.809
2018-12-11 22:05:32.421445, 94.809
2018-12-11 22:05:37.394629, 94.794
2018-12-11 22:05:42.436039, 94.809
2018-12-11 22:05:47.393613, 94.823
2018-12-11 22:05:52.434223, 94.823
2018-12-11 22:05:57.392794, 94.794
2018-12-11 22:06:02.392823, 94.794
2018-12-11 22:06:07.394679, 94.794
2018-12-11 22:06:12.391703, 94.809
2018-12-11 22:06:17.393038, 94.809
2018-12-11 22:06:22.474766, 94.794
2018-12-11 22:06:27.393251, 94.766
2018-12-11 22:06:32.395302, 94.738
2018-12-11 22:06:37.393477, 94.794
2018-12-11 22:06:42.391556, 94.780
2018-12-11 22:06:47.392360, 94.752
2018-12-11 22:06:52.433924, 94.738
2018-12-11 22:06:57.392446, 94.724
2018-12-11 22:07:02.412575, 94.766
2018-12-11 22:07:07.391857, 94.724
2018-12-11 22:07:12.389857, 94.724
2018-12-11 22:07:17.391611, 94.752
2018-12-11 22:07:22.433088, 94.738
2018-12-11 22:07:27.391679, 94.752
2018-12-11 22:07:32.391634, 94.752
2018-12-11 22:07:37.391107, 94.766
2018-12-11 22:07:42.393399, 94.780
2018-12-11 22:07:47.390698, 94.794
2018-12-11 22:07:52.433534, 94.752
2018-12-11 22:07:57.390754, 94.752
2018-12-11 22:08:02.390401, 94.724
2018-12-11 22:08:07.389773, 94.738
2018-12-11 22:08:12.402714, 94.738
2018-12-11 22:08:17.417634, 94.696
2018-12-11 22:08:22.429345, 94.752
2018-12-11 22:08:27.403900, 94.738
2018-12-11 22:08:32.397913, 94.696
2018-12-11 22:08:37.404289, 94.682
2018-12-11 22:08:42.389602, 94.654
2018-12-11 22:08:47.389722, 94.640
2018-12-11 22:08:52.429337, 94.682
2018-12-11 22:08:57.405767, 94.654
2018-12-11 22:09:02.391724, 94.668
2018-12-11 22:09:07.436855, 94.640
2018-12-11 22:09:12.443177, 94.668
2018-12-11 22:09:17.388478, 94.668
2018-12-11 22:09:22.387392, 94.668
2018-12-11 22:09:27.409876, 94.682
2018-12-11 22:09:32.389750, 94.668
2018-12-11 22:09:37.388996, 94.682
2018-12-11 22:09:42.430952, 94.696
2018-12-11 22:09:47.391888, 94.724
2018-12-11 22:09:52.388402, 94.668
2018-12-11 22:09:57.389591, 94.752
2018-12-11 22:10:02.386078, 94.724
2018-12-11 22:10:07.387457, 94.710
2018-12-11 22:10:12.439147, 94.710
2018-12-11 22:10:17.387388, 94.682
2018-12-11 22:10:22.387976, 94.682
2018-12-11 22:10:27.387733, 94.696
2018-12-11 22:10:32.429484, 94.724
2018-12-11 22:10:37.385980, 94.724
2018-12-11 22:10:42.387444, 94.682
2018-12-11 22:10:47.385720, 94.710
2018-12-11 22:10:52.384706, 94.710
2018-12-11 22:10:57.388910, 94.710
2018-12-11 22:11:02.429794, 94.710
2018-12-11 22:11:07.510273, 94.682
2018-12-11 22:11:12.388852, 94.696
2018-12-11 22:11:17.385237, 94.626
2018-12-11 22:11:22.384354, 94.654
2018-12-11 22:11:27.401223, 94.668
2018-12-11 22:11:32.425403, 94.682
2018-12-11 22:11:37.385428, 94.654
2018-12-11 22:11:42.416925, 94.668
2018-12-11 22:11:47.385735, 94.682
2018-12-11 22:11:52.384417, 94.682
2018-12-11 22:11:57.385294, 94.696
2018-12-11 22:12:02.429234, 94.710
2018-12-11 22:12:07.384212, 94.696
2018-12-11 22:12:12.385196, 94.668
2018-12-11 22:12:17.384427, 94.738
2018-12-11 22:12:22.384125, 94.738
2018-12-11 22:12:27.383695, 94.823
2018-12-11 22:12:32.430977, 94.837
2018-12-11 22:12:37.396240, 94.963
2018-12-11 22:12:42.391273, 94.879
2018-12-11 22:12:47.389737, 94.794
2018-12-11 22:12:52.385180, 94.794
2018-12-11 22:12:57.384953, 94.766
2018-12-11 22:13:02.447346, 94.766
2018-12-11 22:13:07.383414, 94.794
2018-12-11 22:13:12.382373, 94.809
2018-12-11 22:13:17.382862, 94.837
2018-12-11 22:13:22.381788, 94.794
2018-12-11 22:13:27.382827, 94.794
2018-12-11 22:13:32.516969, 94.794
2018-12-11 22:13:37.384723, 94.794
2018-12-11 22:13:42.387287, 94.780
2018-12-11 22:13:47.381283, 94.780
2018-12-11 22:13:52.381328, 94.893
2018-12-11 22:13:57.383593, 94.907
2018-12-11 22:14:02.475394, 94.724
2018-12-11 22:14:07.381262, 94.766
2018-12-11 22:14:12.391928, 94.837
2018-12-11 22:14:17.380813, 94.809
2018-12-11 22:14:22.380368, 94.851
2018-12-11 22:14:27.411185, 94.823
2018-12-11 22:14:32.435545, 94.823
2018-12-11 22:14:37.419729, 94.710
2018-12-11 22:14:42.384133, 94.696
2018-12-11 22:14:47.381125, 94.682
2018-12-11 22:14:52.382170, 94.668
2018-12-11 22:14:57.387109, 94.710
2018-12-11 22:15:02.421944, 94.780
2018-12-11 22:15:07.379832, 94.794
2018-12-11 22:15:12.457164, 94.794
2018-12-11 22:15:17.379781, 94.766
2018-12-11 22:15:22.414437, 94.738
2018-12-11 22:15:27.389360, 94.738
2018-12-11 22:15:32.379165, 94.696
2018-12-11 22:15:37.378275, 94.752
2018-12-11 22:15:42.391837, 94.654
2018-12-11 22:15:47.379095, 94.640
2018-12-11 22:15:52.417414, 94.612
2018-12-11 22:15:57.381614, 94.612
2018-12-11 22:16:02.380661, 94.598
2018-12-11 22:16:07.378732, 94.640
2018-12-11 22:16:12.377626, 94.626
2018-12-11 22:16:17.377375, 94.612
2018-12-11 22:16:22.417921, 94.598
2018-12-11 22:16:27.380212, 94.612
2018-12-11 22:16:32.382095, 94.626
2018-12-11 22:16:37.377443, 94.626
2018-12-11 22:16:42.422000, 94.598
2018-12-11 22:16:47.378871, 94.598
2018-12-11 22:16:52.417599, 94.570
2018-12-11 22:16:57.377663, 94.584
2018-12-11 22:17:02.385862, 94.584
2018-12-11 22:17:07.377059, 94.584
2018-12-11 22:17:12.419174, 94.584
2018-12-11 22:17:17.376924, 94.584
2018-12-11 22:17:22.377134, 94.598
2018-12-11 22:17:27.375449, 94.584
2018-12-11 22:17:32.393233, 94.612
2018-12-11 22:17:37.375768, 94.556
2018-12-11 22:17:42.417031, 94.626
2018-12-11 22:17:47.380217, 94.584
2018-12-11 22:17:52.373977, 94.542
2018-12-11 22:17:57.377257, 94.584
2018-12-11 22:18:02.377062, 94.570
2018-12-11 22:18:07.375104, 94.570
2018-12-11 22:18:12.417491, 94.542
2018-12-11 22:18:17.374903, 94.542
2018-12-11 22:18:22.373386, 94.542
2018-12-11 22:18:27.374523, 94.542
2018-12-11 22:18:32.452804, 94.556
2018-12-11 22:18:37.373969, 94.542
2018-12-11 22:18:42.419743, 94.542
2018-12-11 22:18:47.376348, 94.556
2018-12-11 22:18:52.378296, 94.556
2018-12-11 22:18:57.375776, 94.514
2018-12-11 22:19:02.372809, 94.556
2018-12-11 22:19:07.373850, 94.556
2018-12-11 22:19:12.413935, 94.514
2018-12-11 22:19:17.424983, 94.514
2018-12-11 22:19:22.384930, 94.514
2018-12-11 22:19:27.373373, 94.514
2018-12-11 22:19:32.374796, 94.500
2018-12-11 22:19:37.377602, 94.528
2018-12-11 22:19:42.412824, 94.528
2018-12-11 22:19:47.373878, 94.500
2018-12-11 22:19:52.371236, 94.528
2018-12-11 22:19:57.373257, 94.542
2018-12-11 22:20:02.484238, 94.542
2018-12-11 22:20:07.376911, 94.542
2018-12-11 22:20:12.373578, 94.528
2018-12-11 22:20:17.424647, 94.542
2018-12-11 22:20:22.371766, 94.528
2018-12-11 22:20:27.418030, 94.528
2018-12-11 22:20:32.416794, 94.528
2018-12-11 22:20:37.371929, 94.500
2018-12-11 22:20:42.374794, 94.514
2018-12-11 22:20:47.370673, 94.528
2018-12-11 22:20:52.370601, 94.500
2018-12-11 22:20:57.370708, 94.528
2018-12-11 22:21:02.429778, 94.542
2018-12-11 22:21:07.370880, 94.500
2018-12-11 22:21:12.378610, 94.500
2018-12-11 22:21:17.369492, 94.500
2018-12-11 22:21:22.371784, 94.514
2018-12-11 22:21:27.371348, 94.514
2018-12-11 22:21:32.409906, 94.486
2018-12-11 22:21:37.369594, 94.514
2018-12-11 22:21:42.371058, 94.500
2018-12-11 22:21:47.368940, 94.500
2018-12-11 22:21:52.379261, 94.500
2018-12-11 22:21:57.369010, 94.486
2018-12-11 22:22:02.413699, 94.472
2018-12-11 22:22:07.369965, 94.486
2018-12-11 22:22:12.385745, 94.500
2018-12-11 22:22:17.370629, 94.500
2018-12-11 22:22:22.369217, 94.486
2018-12-11 22:22:27.368219, 94.444
2018-12-11 22:22:32.409670, 94.444
2018-12-11 22:22:37.368179, 94.430
2018-12-11 22:22:42.369079, 94.458
2018-12-11 22:22:47.375120, 94.472
2018-12-11 22:22:52.409611, 94.500
2018-12-11 22:22:57.427932, 94.486
2018-12-11 22:23:02.490636, 94.556
2018-12-11 22:23:07.366959, 94.528
2018-12-11 22:23:12.366840, 94.556
2018-12-11 22:23:17.367125, 94.640
2018-12-11 22:23:22.444869, 94.668
2018-12-11 22:23:27.366800, 94.556
2018-12-11 22:23:32.410690, 94.556
2018-12-11 22:23:37.371641, 94.556
2018-12-11 22:23:42.364836, 94.542
2018-12-11 22:23:47.365827, 94.528
2018-12-11 22:23:52.371715, 94.528
2018-12-11 22:23:57.367757, 94.542
2018-12-11 22:24:02.441114, 94.542
2018-12-11 22:24:07.365404, 94.514
2018-12-11 22:24:12.364139, 94.542
2018-12-11 22:24:17.370608, 95.949
2018-12-11 22:24:22.373413, 96.402
2018-12-11 22:24:27.365152, 96.359
2018-12-11 22:24:32.477645, 96.331
2018-12-11 22:24:37.365753, 96.260
2018-12-11 22:24:42.407716, 96.274
2018-12-11 22:24:47.364998, 96.246
2018-12-11 22:24:52.363277, 96.274
2018-12-11 22:24:57.364373, 96.274
2018-12-11 22:25:02.405530, 96.274
2018-12-11 22:25:07.365203, 96.260
2018-12-11 22:25:12.365531, 96.274
2018-12-11 22:25:17.363536, 96.232
2018-12-11 22:25:22.362538, 96.260
2018-12-11 22:25:27.363455, 96.218
2018-12-11 22:25:32.427522, 96.218
2018-12-11 22:25:37.363117, 96.459
2018-12-11 22:25:42.364112, 96.317
2018-12-11 22:25:47.363123, 96.317
2018-12-11 22:25:52.363186, 96.274
2018-12-11 22:25:57.363631, 96.289
2018-12-11 22:26:02.407519, 96.303
2018-12-11 22:26:07.362857, 96.274
2018-12-11 22:26:12.361347, 96.260
2018-12-11 22:26:17.363137, 96.274
2018-12-11 22:26:22.411216, 96.274
2018-12-11 22:26:35.143164, 96.246
2018-12-11 22:26:40.099962, 96.260
2018-12-11 22:26:45.098427, 96.260
2018-12-11 22:26:50.098125, 96.274
2018-12-11 22:26:55.096650, 96.260
2018-12-11 22:27:00.097597, 96.289
2018-12-11 22:27:05.137099, 96.303
2018-12-11 22:27:10.096995, 96.303
2018-12-11 22:27:15.095736, 96.331
2018-12-11 22:27:20.098677, 96.303
2018-12-11 22:27:25.095722, 96.303
2018-12-11 22:27:30.096151, 96.317
2018-12-11 22:27:35.141255, 96.303
2018-12-11 22:27:40.096457, 96.289
2018-12-11 22:27:45.096209, 96.317
2018-12-11 22:27:50.096227, 96.303
2018-12-11 22:27:55.095040, 96.317
2018-12-11 22:28:00.095626, 96.246
2018-12-11 22:28:05.141033, 96.303
2018-12-11 22:28:10.099853, 96.289
2018-12-11 22:28:15.097691, 96.303
2018-12-11 22:28:20.096130, 96.303
2018-12-11 22:28:25.095378, 96.317
2018-12-11 22:28:30.095150, 96.331
2018-12-11 22:28:35.210598, 96.331
2018-12-11 22:28:40.095160, 96.331
2018-12-11 22:28:45.093316, 96.388
2018-12-11 22:28:50.095254, 96.388
2018-12-11 22:28:55.094878, 96.402
2018-12-11 22:29:00.094997, 96.359
2018-12-11 22:29:05.138461, 96.331
2018-12-11 22:29:10.093527, 96.331
2018-12-11 22:29:15.096970, 96.331
2018-12-11 22:29:20.094661, 96.345
2018-12-11 22:29:25.096470, 96.289
2018-12-11 22:29:30.095391, 96.274
2018-12-11 22:29:35.132511, 96.289
2018-12-11 22:29:40.096515, 96.317
2018-12-11 22:29:45.110066, 96.331
2018-12-11 22:29:50.092770, 96.317
2018-12-11 22:29:55.095950, 96.274
2018-12-11 22:30:00.127356, 96.289
2018-12-11 22:30:05.133126, 96.289
2018-12-11 22:30:10.092267, 96.331
2018-12-11 22:30:15.094858, 96.303
2018-12-11 22:30:20.093173, 96.317
2018-12-11 22:30:25.091953, 96.331
2018-12-11 22:30:30.092471, 96.331
2018-12-11 22:30:35.168870, 96.331
2018-12-11 22:30:40.092167, 96.317
2018-12-11 22:30:45.090397, 96.317
2018-12-11 22:30:50.092903, 96.289
2018-12-11 22:30:55.091270, 96.289
2018-12-11 22:31:00.094401, 96.119
2018-12-11 22:31:05.133382, 96.006
2018-12-11 22:31:10.091479, 95.963
2018-12-11 22:31:15.138481, 95.935
2018-12-11 22:31:20.096620, 95.977
2018-12-11 22:31:25.133198, 95.963
2018-12-11 22:31:30.090350, 95.963
2018-12-11 22:31:35.088803, 95.963
2018-12-11 22:31:40.089964, 95.935
2018-12-11 22:31:45.128850, 95.921
2018-12-11 22:31:50.090876, 95.949
2018-12-11 22:31:55.089026, 95.935
2018-12-11 22:32:00.090357, 95.949
2018-12-11 22:32:05.089736, 95.963
2018-12-11 22:32:10.089443, 95.963
2018-12-11 22:32:15.170946, 95.935
2018-12-11 22:32:20.088995, 95.949
2018-12-11 22:32:25.102854, 96.048
2018-12-11 22:32:30.089785, 96.006
2018-12-11 22:32:35.088348, 95.963
2018-12-11 22:32:40.088783, 95.935
2018-12-11 22:32:45.133539, 95.963
2018-12-11 22:32:50.091332, 95.992
2018-12-11 22:32:55.088283, 95.949
2018-12-11 22:33:00.088208, 95.935
2018-12-11 22:33:05.088183, 95.963
2018-12-11 22:33:10.087487, 95.963
2018-12-11 22:33:15.143144, 95.949
2018-12-11 22:33:20.091397, 95.949
2018-12-11 22:33:25.085417, 95.963
2018-12-11 22:33:30.112464, 95.963
2018-12-11 22:33:35.089959, 95.949
2018-12-11 22:33:40.087153, 95.921
2018-12-11 22:33:45.131329, 95.963
2018-12-11 22:33:50.087267, 95.963
2018-12-11 22:33:55.085369, 95.992
2018-12-11 22:34:00.087095, 95.977
2018-12-11 22:34:05.092952, 95.977
2018-12-11 22:34:10.092376, 96.006
2018-12-11 22:34:15.133402, 96.006
2018-12-11 22:34:20.085457, 96.006
2018-12-11 22:34:25.083863, 95.992
2018-12-11 22:34:30.085884, 95.935
2018-12-11 22:34:35.150341, 95.949
2018-12-11 22:34:40.086362, 95.935
2018-12-11 22:34:45.084193, 95.935
2018-12-11 22:34:50.085675, 95.949
2018-12-11 22:34:55.085052, 95.921
2018-12-11 22:35:00.084813, 94.500
2018-12-11 22:35:05.083136, 94.416
2018-12-11 22:35:10.087979, 94.430
2018-12-11 22:35:15.087994, 95.935
2018-12-11 22:35:20.084482, 94.444
2018-12-11 22:35:25.083800, 94.402
2018-12-11 22:35:30.084311, 94.402
2018-12-11 22:35:35.139264, 94.374
2018-12-11 22:35:40.084360, 94.388
2018-12-11 22:35:45.094813, 94.374
2018-12-11 22:35:50.083559, 94.360
2018-12-11 22:35:55.081868, 94.360
2018-12-11 22:36:00.083528, 94.360
2018-12-11 22:36:05.124853, 94.346
2018-12-11 22:36:10.082998, 94.374
2018-12-11 22:36:15.082159, 94.360
2018-12-11 22:36:20.083646, 94.346
2018-12-11 22:36:25.081246, 94.346
2018-12-11 22:36:30.083015, 94.346
2018-12-11 22:36:35.085681, 94.360
2018-12-11 22:36:40.083600, 94.332
2018-12-11 22:36:45.121609, 94.360
2018-12-11 22:36:50.082481, 94.346
2018-12-11 22:36:55.082958, 94.360
2018-12-11 22:37:00.082894, 94.332
2018-12-11 22:37:05.080740, 94.346
2018-12-11 22:37:10.089050, 94.360
2018-12-11 22:37:15.091473, 94.346
2018-12-11 22:37:20.081436, 94.346
2018-12-11 22:37:25.143804, 94.332
2018-12-11 22:37:30.081087, 94.332
2018-12-11 22:37:35.081966, 94.318
2018-12-11 22:37:40.080437, 94.304
2018-12-11 22:37:45.079829, 94.304
2018-12-11 22:37:50.083205, 94.318
2018-12-11 22:37:55.121685, 94.304
2018-12-11 22:38:00.080837, 94.290
2018-12-11 22:38:05.081395, 94.304
2018-12-11 22:38:10.080887, 94.290
2018-12-11 22:38:15.078614, 94.304
2018-12-11 22:38:20.080522, 94.304
2018-12-11 22:38:25.121651, 94.304
2018-12-11 22:38:30.080496, 94.290
2018-12-11 22:38:35.085282, 94.304
2018-12-11 22:38:40.079722, 94.304
2018-12-11 22:38:45.078074, 94.304
2018-12-11 22:38:50.079115, 94.276
2018-12-11 22:38:55.122507, 94.262
2018-12-11 22:39:00.079849, 94.248
2018-12-11 22:39:05.117736, 94.220
2018-12-11 22:39:10.079811, 94.262
2018-12-11 22:39:15.077873, 94.220
2018-12-11 22:39:20.127272, 94.220
2018-12-11 22:39:25.125571, 94.234
2018-12-11 22:39:30.077853, 94.248
2018-12-11 22:39:35.125490, 94.262
2018-12-11 22:39:40.079565, 94.262
2018-12-11 22:39:45.079576, 94.248
2018-12-11 22:39:50.090450, 94.220
2018-12-11 22:39:55.122219, 94.248
2018-12-11 22:40:00.079186, 94.234
2018-12-11 22:40:05.153753, 94.248
2018-12-11 22:40:10.077382, 94.262
2018-12-11 22:40:15.078185, 94.262
2018-12-11 22:40:20.077046, 94.234
2018-12-11 22:40:25.118230, 94.262
2018-12-11 22:40:30.078674, 94.276
2018-12-11 22:40:35.140687, 94.262
2018-12-11 22:40:40.076555, 94.248
2018-12-11 22:40:45.075648, 94.248
2018-12-11 22:40:50.075927, 94.248
2018-12-11 22:40:55.122691, 94.234
2018-12-11 22:41:00.076594, 94.192
2018-12-11 22:41:05.076822, 94.192
2018-12-11 22:41:10.079781, 94.206
2018-12-11 22:41:15.075382, 94.192
2018-12-11 22:41:20.094311, 94.192
2018-12-11 22:41:25.075820, 94.178
2018-12-11 22:41:30.075396, 94.178
2018-12-11 22:41:35.077922, 94.192
2018-12-11 22:41:40.075372, 94.220
2018-12-11 22:41:45.118138, 94.192
2018-12-11 22:41:50.077264, 94.192
2018-12-11 22:41:55.076832, 94.220
2018-12-11 22:42:00.074003, 94.220
2018-12-11 22:42:05.087127, 94.220
2018-12-11 22:42:10.081649, 94.206
2018-12-11 22:42:15.076658, 94.248
2018-12-11 22:42:20.075646, 94.318
2018-12-11 22:42:25.073861, 94.318
2018-12-11 22:42:30.102226, 94.220
2018-12-11 22:42:35.072169, 94.192
2018-12-11 22:42:40.087092, 94.220
2018-12-11 22:42:45.078698, 94.206
2018-12-11 22:42:50.073345, 94.220
2018-12-11 22:42:55.145447, 94.234
2018-12-11 22:43:00.109133, 94.248
2018-12-11 22:43:05.074437, 94.290
2018-12-11 22:43:10.074975, 94.234
2018-12-11 22:43:15.072054, 94.220
2018-12-11 22:43:20.072746, 94.248
2018-12-11 22:43:25.163478, 94.290
2018-12-11 22:43:30.072476, 94.304
2018-12-11 22:43:35.073110, 94.234
2018-12-11 22:43:40.164204, 94.220
2018-12-11 22:43:45.073352, 94.248
2018-12-11 22:43:50.129498, 94.234
2018-12-11 22:43:55.167142, 94.234
2018-12-11 22:44:00.072326, 94.234
2018-12-11 22:44:05.070142, 94.192
2018-12-11 22:44:10.074016, 94.206
2018-12-11 22:44:15.070679, 94.150
2018-12-11 22:44:20.074866, 94.136
2018-12-11 22:44:25.115460, 94.164
2018-12-11 22:44:30.071418, 94.136
2018-12-11 22:44:35.072168, 94.164
2018-12-11 22:44:40.072408, 94.178
2018-12-11 22:44:45.113075, 94.248
2018-12-11 22:44:50.073929, 94.178
2018-12-11 22:44:55.129386, 94.206
2018-12-11 22:45:00.072236, 94.206
2018-12-11 22:45:05.075689, 94.164
2018-12-11 22:45:10.072135, 94.178
2018-12-11 22:45:15.069235, 94.220
2018-12-11 22:45:20.079714, 94.220
2018-12-11 22:45:25.113897, 94.248
2018-12-11 22:45:30.069836, 94.206
2018-12-11 22:45:35.071446, 94.220
2018-12-11 22:45:40.071660, 94.220
2018-12-11 22:45:45.067853, 94.220
2018-12-11 22:45:50.068543, 94.234
2018-12-11 22:45:55.143426, 94.248
2018-12-11 22:46:00.069005, 94.262
2018-12-11 22:46:05.068519, 94.206
2018-12-11 22:46:10.140600, 94.122
2018-12-11 22:46:15.068790, 94.192
2018-12-11 22:46:20.069243, 94.178
2018-12-11 22:46:25.169690, 94.150
2018-12-11 22:46:30.068039, 94.094
2018-12-11 22:46:35.067838, 94.136
2018-12-11 22:46:40.068511, 94.108
2018-12-11 22:46:45.155596, 94.094
2018-12-11 22:46:50.066949, 94.108
2018-12-11 22:46:55.123886, 94.136
2018-12-11 22:47:00.069464, 94.094
2018-12-11 22:47:05.067563, 94.080
2018-12-11 22:47:10.066073, 94.108
2018-12-11 22:47:15.070858, 94.178
2018-12-11 22:47:20.135083, 94.122
2018-12-11 22:47:25.176567, 94.192
2018-12-11 22:47:30.116864, 94.206
2018-12-11 22:47:35.076661, 94.248
2018-12-11 22:47:40.065249, 94.206
2018-12-11 22:47:45.109730, 94.206
2018-12-11 22:47:50.065979, 94.178
2018-12-11 22:47:55.065712, 94.108
2018-12-11 22:48:00.065709, 94.066
2018-12-11 22:48:05.066023, 94.080
2018-12-11 22:48:10.064703, 94.094
2018-12-11 22:48:15.105082, 94.108
2018-12-11 22:48:20.064378, 94.066
2018-12-11 22:48:25.064437, 94.136
2018-12-11 22:48:30.064780, 94.094
2018-12-11 22:48:35.064038, 94.122
2018-12-11 22:48:40.064279, 94.192
2018-12-11 22:48:45.104702, 94.150
2018-12-11 22:48:50.063783, 94.136
2018-12-11 22:48:55.073504, 94.094
2018-12-11 22:49:00.064013, 94.094
2018-12-11 22:49:05.107673, 94.472
2018-12-11 22:49:10.063642, 94.108
2018-12-11 22:49:15.062021, 94.150
2018-12-11 22:49:20.132395, 94.122
2018-12-11 22:49:25.064023, 94.094
2018-12-11 22:49:30.063310, 94.108
2018-12-11 22:49:35.171081, 94.136
2018-12-11 22:49:40.065357, 94.080
2018-12-11 22:49:45.081909, 94.052
2018-12-11 22:49:50.068487, 94.052
2018-12-11 22:49:55.129222, 94.150
2018-12-11 22:50:00.069425, 94.122
2018-12-11 22:50:05.108424, 94.136
2018-12-11 22:50:10.063596, 94.094
2018-12-11 22:50:15.065725, 94.108
2018-12-11 22:50:20.064217, 94.066
2018-12-11 22:50:25.130225, 94.066
2018-12-11 22:50:30.068439, 94.038
2018-12-11 22:50:35.063602, 94.066
2018-12-11 22:50:40.061696, 94.024
2018-12-11 22:50:45.060906, 94.024
2018-12-11 22:50:50.087051, 94.024
2018-12-11 22:50:55.064214, 94.024
2018-12-11 22:51:00.062353, 93.996
2018-12-11 22:51:05.060822, 93.996
2018-12-11 22:51:10.061406, 94.052
2018-12-11 22:51:15.059533, 94.080
2018-12-11 22:51:20.060567, 94.024
2018-12-11 22:51:25.100948, 94.024
2018-12-11 22:51:30.061553, 94.052
2018-12-11 22:51:35.059458, 94.066
2018-12-11 22:51:40.064879, 94.066
2018-12-11 22:51:45.059692, 94.066
2018-12-11 22:51:50.062685, 94.052
2018-12-11 22:51:55.058006, 94.038
2018-12-11 22:52:00.059290, 93.982
2018-12-11 22:52:05.143628, 93.996
2018-12-11 22:52:10.067505, 94.038
2018-12-11 22:52:15.064929, 94.010
2018-12-11 22:52:20.066868, 93.996
2018-12-11 22:52:25.058408, 93.982
2018-12-11 22:52:30.058990, 93.982
2018-12-11 22:52:35.127691, 94.038
2018-12-11 22:52:40.059333, 94.052
2018-12-11 22:52:45.062041, 94.052
2018-12-11 22:52:50.057511, 94.080
2018-12-11 22:52:55.057826, 94.024
2018-12-11 22:53:00.059915, 94.038
2018-12-11 22:53:05.100982, 94.052
2018-12-11 22:53:10.057959, 94.066
2018-12-11 22:53:15.063558, 94.080
2018-12-11 22:53:20.059062, 94.038
2018-12-11 22:53:25.113226, 94.080
2018-12-11 22:53:30.086006, 94.024
2018-12-11 22:53:35.063564, 94.052
2018-12-11 22:53:40.058816, 94.010
2018-12-11 22:53:45.073861, 94.024
2018-12-11 22:53:50.057055, 94.024
2018-12-11 22:53:55.100252, 94.094
2018-12-11 22:54:00.055780, 94.108
2018-12-11 22:54:05.060690, 94.038
2018-12-11 22:54:10.055406, 94.080
2018-12-11 22:54:15.056036, 94.038
2018-12-11 22:54:20.056641, 94.038
2018-12-11 22:54:25.099211, 94.010
2018-12-11 22:54:30.092616, 94.052
2018-12-11 22:54:35.054405, 94.024
2018-12-11 22:54:40.056569, 93.996
2018-12-11 22:54:45.053648, 93.996
2018-12-11 22:54:50.083330, 94.010
2018-12-11 22:54:55.145359, 94.038
2018-12-11 22:55:00.128477, 94.038
2018-12-11 22:55:05.095039, 94.038
2018-12-11 22:55:10.130689, 94.052
2018-12-11 22:55:15.061131, 94.052
2018-12-11 22:55:20.057091, 94.024
2018-12-11 22:55:25.093683, 93.982
2018-12-11 22:55:30.053701, 93.968
2018-12-11 22:55:35.053370, 93.968
2018-12-11 22:55:40.053293, 93.968
2018-12-11 22:55:45.052050, 93.968
2018-12-11 22:55:50.052838, 93.955
2018-12-11 22:55:55.099383, 93.941
2018-12-11 22:56:00.055062, 93.927
2018-12-11 22:56:05.054528, 93.955
2018-12-11 22:56:10.053944, 93.955
2018-12-11 22:56:15.051574, 93.968
2018-12-11 22:56:20.082136, 93.941
2018-12-11 22:56:25.100047, 93.982
2018-12-11 22:56:30.053193, 93.955
2018-12-11 22:56:35.057265, 93.968
2018-12-11 22:56:44.504446, 93.899
2018-12-11 22:56:49.457061, 93.927
2018-12-11 22:56:54.455376, 93.968
2018-12-11 22:56:59.453464, 93.927
2018-12-11 22:57:04.453982, 93.899
2018-12-11 22:57:09.453145, 93.899
2018-12-11 22:57:14.502041, 93.927
2018-12-11 22:57:19.453058, 93.927
2018-12-11 22:57:24.458346, 93.913
2018-12-11 22:57:29.452591, 93.927
2018-12-11 22:57:34.452671, 93.927
2018-12-11 22:57:39.452360, 93.941
2018-12-11 22:57:44.505552, 93.968
2018-12-11 22:57:49.451894, 93.968
2018-12-11 22:57:54.450626, 93.913
2018-12-11 22:57:59.454445, 93.899
2018-12-11 22:58:04.452585, 93.857
2018-12-11 22:58:09.461594, 93.927
2018-12-11 22:58:14.497628, 93.885
2018-12-11 22:58:19.451260, 93.843
2018-12-11 22:58:24.456129, 93.899
2018-12-11 22:58:29.453034, 93.913
2018-12-11 22:58:34.453325, 93.913
2018-12-11 22:58:39.452311, 93.857
2018-12-11 22:58:44.492733, 93.871
2018-12-11 22:58:49.453570, 93.941
2018-12-11 22:58:54.450111, 93.913
2018-12-11 22:58:59.478923, 93.885
2018-12-11 22:59:04.452126, 93.857
2018-12-11 22:59:09.450228, 93.941
2018-12-11 22:59:14.519412, 93.913
2018-12-11 22:59:19.450704, 93.885
2018-12-11 22:59:24.448474, 93.871
2018-12-11 22:59:29.449273, 93.913
2018-12-11 22:59:34.448879, 93.885
2018-12-11 22:59:39.449120, 93.857
2018-12-11 22:59:44.493421, 93.913
2018-12-11 22:59:49.459904, 93.913
2018-12-11 22:59:54.451526, 93.899
2018-12-11 22:59:59.449714, 93.899
2018-12-11 23:00:04.448404, 93.871
2018-12-11 23:00:09.502754, 93.843
2018-12-11 23:00:14.507454, 93.913
2018-12-11 23:00:19.448214, 93.885
2018-12-11 23:00:24.447558, 93.899
2018-12-11 23:00:29.504950, 93.857
2018-12-11 23:00:34.448598, 93.899
2018-12-11 23:00:39.465147, 93.857
2018-12-11 23:00:44.488971, 93.843
2018-12-11 23:00:49.455991, 93.871
2018-12-11 23:00:54.448340, 93.857
2018-12-11 23:00:59.458773, 93.871
2018-12-11 23:01:04.445909, 93.871
2018-12-11 23:01:09.447348, 93.857
2018-12-11 23:01:14.518969, 93.885
2018-12-11 23:01:19.448825, 93.871
2018-12-11 23:01:24.445702, 93.871
2018-12-11 23:01:29.469827, 93.885
2018-12-11 23:01:34.497728, 93.857
2018-12-11 23:01:39.446903, 93.871
2018-12-11 23:01:44.444902, 93.857
2018-12-11 23:01:49.445903, 93.913
2018-12-11 23:01:54.447774, 93.913
2018-12-11 23:01:59.447117, 93.885
2018-12-11 23:02:04.485613, 93.927
2018-12-11 23:02:09.445447, 93.871
2018-12-11 23:02:14.445824, 93.871
2018-12-11 23:02:19.445526, 93.871
2018-12-11 23:02:24.450158, 93.885
2018-12-11 23:02:29.445682, 93.857
2018-12-11 23:02:34.493528, 93.871
2018-12-11 23:02:39.445322, 93.941
2018-12-11 23:02:44.448902, 93.941
2018-12-11 23:02:49.444434, 93.968
2018-12-11 23:02:54.447135, 93.968
2018-12-11 23:02:59.443861, 94.066
2018-12-11 23:03:04.485092, 94.038
2018-12-11 23:03:09.445780, 94.038
2018-12-11 23:03:14.443440, 94.094
2018-12-11 23:03:19.453331, 93.982
2018-12-11 23:03:24.444897, 93.996
2018-12-11 23:03:29.443767, 93.982
2018-12-11 23:03:34.441613, 93.913
2018-12-11 23:03:39.444118, 93.927
2018-12-11 23:03:44.606036, 93.941
2018-12-11 23:03:49.444450, 93.927
2018-12-11 23:03:54.459187, 93.968
2018-12-11 23:03:59.451672, 93.927
2018-12-11 23:04:04.441339, 93.913
2018-12-11 23:04:09.442778, 93.899
2018-12-11 23:04:14.490986, 93.927
2018-12-11 23:04:19.443606, 93.899
2018-12-11 23:04:24.443518, 93.871
2018-12-11 23:04:29.458081, 93.899
2018-12-11 23:04:34.450199, 93.871
2018-12-11 23:04:39.442237, 93.843
2018-12-11 23:04:44.495966, 93.857
2018-12-11 23:04:49.500660, 93.885
2018-12-11 23:04:54.485023, 93.871
2018-12-11 23:04:59.441170, 93.941
2018-12-11 23:05:04.445923, 93.899
2018-12-11 23:05:09.445829, 93.871
2018-12-11 23:05:14.509028, 93.829
2018-12-11 23:05:19.440753, 93.843
2018-12-11 23:05:24.444816, 93.899
2018-12-11 23:05:29.447221, 93.857
2018-12-11 23:05:34.450589, 93.927
2018-12-11 23:05:39.445066, 93.871
2018-12-11 23:05:44.443810, 93.857
2018-12-11 23:05:49.468452, 93.885
2018-12-11 23:05:54.440902, 93.899
2018-12-11 23:05:59.524978, 93.871
2018-12-11 23:06:04.494904, 93.927
2018-12-11 23:06:09.510584, 93.941
2018-12-11 23:06:14.443634, 93.773
2018-12-11 23:06:19.439093, 93.829
2018-12-11 23:06:24.441837, 93.871
2018-12-11 23:06:29.540389, 93.703
2018-12-11 23:06:34.610596, 93.745
2018-12-11 23:06:39.438225, 93.634
2018-12-11 23:06:44.439614, 93.689
2018-12-11 23:06:49.475448, 93.773
2018-12-11 23:06:54.437156, 93.745
2018-12-11 23:06:59.438148, 93.717
2018-12-11 23:07:04.493980, 93.648
2018-12-11 23:07:09.446123, 93.662
2018-12-11 23:07:14.437734, 93.662
2018-12-11 23:07:19.448650, 93.703
2018-12-11 23:07:24.439509, 93.745
2018-12-11 23:07:29.447081, 93.717
2018-12-11 23:07:34.478732, 93.717
2018-12-11 23:07:39.437157, 93.703
2018-12-11 23:07:44.441164, 93.731
2018-12-11 23:07:49.438119, 93.787
2018-12-11 23:07:54.441663, 93.759
2018-12-11 23:07:59.436563, 93.689
2018-12-11 23:08:04.479928, 93.675
2018-12-11 23:08:09.436637, 93.717
2018-12-11 23:08:14.436410, 93.703
2018-12-11 23:08:19.531074, 93.745
2018-12-11 23:08:24.435555, 93.717
2018-12-11 23:08:29.438419, 93.787
2018-12-11 23:08:34.480469, 93.759
2018-12-11 23:08:39.442473, 93.731
2018-12-11 23:08:44.438225, 93.773
2018-12-11 23:08:49.435862, 93.731
2018-12-11 23:08:54.434814, 93.731
2018-12-11 23:08:59.435905, 93.689
2018-12-11 23:09:04.437073, 93.745
2018-12-11 23:09:09.439601, 93.731
2018-12-11 23:09:14.441526, 93.662
2018-12-11 23:09:19.434690, 93.648
2018-12-11 23:09:24.491057, 93.675
2018-12-11 23:09:29.441144, 93.717
2018-12-11 23:09:34.436783, 93.689
2018-12-11 23:09:39.436250, 93.648
2018-12-11 23:09:44.439387, 93.717
2018-12-11 23:09:49.441719, 93.717
2018-12-11 23:09:54.605187, 93.731
2018-12-11 23:09:59.578562, 93.648
2018-12-11 23:10:04.440764, 93.689
2018-12-11 23:10:09.441050, 93.689
2018-12-11 23:10:14.475090, 93.689
2018-12-11 23:10:19.436186, 93.745
2018-12-11 23:10:24.474827, 93.648
2018-12-11 23:10:29.437770, 93.689
2018-12-11 23:10:34.503066, 93.815
2018-12-11 23:10:39.432606, 93.899
2018-12-11 23:10:44.491324, 93.857
2018-12-11 23:10:49.475965, 93.815
2018-12-11 23:10:54.479481, 93.955
2018-12-11 23:10:59.442418, 93.731
2018-12-11 23:11:04.493157, 93.731
2018-12-11 23:11:09.432112, 93.745
2018-12-11 23:11:14.436503, 93.731
2018-12-11 23:11:19.448586, 93.703
2018-12-11 23:11:24.503584, 93.703
2018-12-11 23:11:29.433332, 93.717
2018-12-11 23:11:34.456232, 95.427
2018-12-11 23:11:39.435150, 93.717
2018-12-11 23:11:44.436178, 93.787
2018-12-11 23:11:49.431167, 93.745
2018-12-11 23:11:54.506416, 93.703
2018-12-11 23:11:59.434967, 93.717
2018-12-11 23:12:04.438236, 93.745
2018-12-11 23:12:09.441868, 93.703
2018-12-11 23:12:14.446617, 93.745
2018-12-11 23:12:19.433301, 93.927
2018-12-11 23:12:24.432157, 94.024
2018-12-11 23:12:29.430202, 94.038
2018-12-11 23:12:34.699665, 94.038
2018-12-11 23:12:39.431236, 94.080
2018-12-11 23:12:44.431998, 94.066
2018-12-11 23:12:49.463364, 94.080
2018-12-11 23:12:54.440128, 94.080
2018-12-11 23:12:59.428970, 94.108
2018-12-11 23:13:04.469805, 94.108
2018-12-11 23:13:09.435747, 94.108
2018-12-11 23:13:14.501179, 94.122
2018-12-11 23:13:19.429121, 94.122
2018-12-11 23:13:24.427554, 94.122
2018-12-11 23:13:29.429891, 94.122
2018-12-11 23:13:34.428109, 94.122
2018-12-11 23:13:39.500112, 94.164
2018-12-11 23:13:44.434535, 94.150
2018-12-11 23:13:49.427689, 94.122
2018-12-11 23:13:54.470853, 94.164
2018-12-11 23:13:59.427769, 94.122
2018-12-11 23:14:04.434786, 94.122
2018-12-11 23:14:09.427678, 94.108
2018-12-11 23:14:14.427160, 94.108
2018-12-11 23:14:19.491168, 94.178
2018-12-11 23:14:24.442099, 94.164
2018-12-11 23:14:29.426935, 94.122
2018-12-11 23:14:34.519289, 94.234
2018-12-11 23:14:39.427420, 94.346
2018-12-11 23:14:44.439486, 94.276
2018-12-11 23:14:49.426370, 94.276
2018-12-11 23:14:54.424696, 94.402
2018-12-11 23:14:59.426606, 94.290
2018-12-11 23:15:04.505207, 94.192
2018-12-11 23:15:09.474515, 94.318
2018-12-11 23:15:14.481122, 94.346
2018-12-11 23:15:19.490396, 94.318
2018-12-11 23:15:24.466318, 94.122
2018-12-11 23:15:29.425147, 94.122
2018-12-11 23:15:34.426233, 94.164
2018-12-11 23:15:39.424144, 94.290
2018-12-11 23:15:44.429972, 94.206
2018-12-11 23:15:49.493166, 94.234
2018-12-11 23:15:54.473411, 94.178
2018-12-11 23:15:59.425155, 94.164
2018-12-11 23:16:04.426322, 94.178
2018-12-11 23:16:09.510932, 94.178
2018-12-11 23:16:14.434195, 94.164
2018-12-11 23:16:19.424167, 94.248
2018-12-11 23:16:24.468636, 94.220
2018-12-11 23:16:29.423375, 94.234
2018-12-11 23:16:34.423746, 94.164
2018-12-11 23:16:39.425114, 94.178
2018-12-11 23:16:44.424529, 94.150
2018-12-11 23:16:49.423475, 94.122
2018-12-11 23:16:54.482324, 94.136
2018-12-11 23:16:59.424653, 94.136
2018-12-11 23:17:04.431728, 94.122
2018-12-11 23:17:09.479571, 94.024
2018-12-11 23:17:14.464998, 93.634
2018-12-11 23:17:19.426046, 93.871
2018-12-11 23:17:24.460184, 93.675
2018-12-11 23:17:29.447461, 93.717
2018-12-11 23:17:34.469684, 93.717
2018-12-11 23:17:39.424556, 93.634
2018-12-11 23:17:44.423760, 93.675
2018-12-11 23:17:49.449471, 93.662
2018-12-11 23:17:54.422850, 93.703
2018-12-11 23:17:59.421145, 93.689
2018-12-11 23:18:04.434082, 93.675
2018-12-11 23:18:09.485281, 93.675
2018-12-11 23:18:14.430705, 93.703
2018-12-11 23:18:19.423502, 93.703
2018-12-11 23:18:24.524300, 93.703
2018-12-11 23:18:29.421308, 93.675
2018-12-11 23:18:34.422590, 93.648
2018-12-11 23:18:39.421763, 93.606
2018-12-11 23:18:44.423578, 93.913
2018-12-11 23:18:49.420520, 93.927
2018-12-11 23:18:54.419158, 93.982
2018-12-11 23:18:59.433694, 94.024
2018-12-11 23:19:04.582147, 94.052
2018-12-11 23:19:09.420170, 94.080
2018-12-11 23:19:14.487002, 94.066
2018-12-11 23:19:19.421946, 94.052
2018-12-11 23:19:24.465125, 94.066
2018-12-11 23:19:29.419567, 94.052
2018-12-11 23:19:34.417756, 94.080
2018-12-11 23:19:39.424672, 94.094
2018-12-11 23:19:44.485371, 94.066
2018-12-11 23:19:49.419062, 94.080
2018-12-11 23:19:54.417660, 94.080
2018-12-11 23:19:59.418647, 94.066
2018-12-11 23:20:04.417099, 94.038
2018-12-11 23:20:09.418598, 94.052
2018-12-11 23:20:14.543192, 94.066
2018-12-11 23:20:19.418648, 94.066
2018-12-11 23:20:24.420189, 93.689
2018-12-11 23:20:29.417893, 93.745
2018-12-11 23:20:34.472000, 93.759
2018-12-11 23:20:39.418071, 93.759
2018-12-11 23:20:44.463768, 93.745
2018-12-11 23:20:49.417067, 93.759
2018-12-11 23:20:54.499800, 93.801
2018-12-11 23:20:59.417094, 93.899
2018-12-11 23:21:04.437917, 93.955
2018-12-11 23:21:09.416906, 93.941
2018-12-11 23:21:14.478889, 93.927
2018-12-11 23:21:19.417403, 93.899
2018-12-11 23:21:24.419416, 93.899
2018-12-11 23:21:29.416708, 93.843
2018-12-11 23:21:34.416201, 93.968
2018-12-11 23:21:39.422976, 94.010
2018-12-11 23:21:44.496908, 93.968
2018-12-11 23:21:49.419211, 93.996
2018-12-11 23:21:54.424596, 94.024
2018-12-11 23:21:59.415311, 93.968
2018-12-11 23:22:04.506267, 93.871
2018-12-11 23:22:09.498797, 93.968
2018-12-11 23:22:14.426621, 93.955
2018-12-11 23:22:19.416654, 93.955
2018-12-11 23:22:24.417231, 93.941
2018-12-11 23:22:29.414414, 93.968
2018-12-11 23:22:34.419146, 93.941
2018-12-11 23:22:39.416872, 93.941
2018-12-11 23:22:44.436394, 94.010
2018-12-11 23:22:49.422464, 93.968
2018-12-11 23:22:54.461387, 93.941
2018-12-11 23:22:59.414778, 93.955
2018-12-11 23:23:04.413698, 93.941
2018-12-11 23:23:09.415054, 93.955
2018-12-11 23:23:14.414301, 93.941
2018-12-11 23:23:19.498385, 93.941
2018-12-11 23:23:24.460869, 93.927
2018-12-11 23:23:29.414024, 93.941
2018-12-11 23:23:34.414507, 93.941
2018-12-11 23:23:39.413605, 93.927
2018-12-11 23:23:44.419866, 93.913
2018-12-11 23:23:49.423004, 93.927
2018-12-11 23:23:54.457055, 93.871
2018-12-11 23:23:59.420758, 94.094
2018-12-11 23:24:04.418732, 93.899
2018-12-11 23:24:09.413778, 93.955
2018-12-11 23:24:14.423433, 93.996
2018-12-11 23:24:19.414308, 93.968
2018-12-11 23:24:24.455031, 93.829
2018-12-11 23:24:29.412217, 94.066
2018-12-11 23:24:34.435673, 94.234
2018-12-11 23:24:39.411835, 93.494
2018-12-11 23:24:44.421239, 92.799
2018-12-11 23:24:49.436861, 63.738
2018-12-11 23:24:54.460127, 88.487
2018-12-11 23:24:59.416298, 90.664
2018-12-11 23:25:04.419017, 90.800
2018-12-11 23:25:09.411576, 90.746
2018-12-11 23:25:14.414547, 90.732
2018-12-11 23:25:19.411660, 90.677
2018-12-11 23:25:24.465411, 90.677
2018-12-11 23:25:29.410952, 90.650
2018-12-11 23:25:34.409962, 90.581
2018-12-11 23:25:39.409466, 90.568
2018-12-11 23:25:44.415029, 90.554
2018-12-11 23:25:49.415414, 90.622
2018-12-11 23:25:54.475934, 90.540
2018-12-11 23:25:59.409449, 90.540
2018-12-11 23:26:04.416815, 90.554
2018-12-11 23:26:09.415175, 90.554
2018-12-11 23:26:14.453126, 90.540
2018-12-11 23:26:19.410887, 90.609
2018-12-11 23:26:24.458700, 90.595
2018-12-11 23:26:29.417300, 90.581
2018-12-11 23:26:34.423542, 90.568
2018-12-11 23:26:39.408551, 90.568
2018-12-11 23:26:44.410480, 90.568
2018-12-11 23:26:57.233174, 90.267
2018-12-11 23:27:02.228464, 90.595
2018-12-11 23:27:07.227688, 90.636
2018-12-11 23:27:12.235642, 90.691
2018-12-11 23:27:17.268029, 90.650
2018-12-11 23:27:22.225337, 90.664
2018-12-11 23:27:27.240475, 90.691
2018-12-11 23:27:32.227200, 90.636
2018-12-11 23:27:37.226835, 90.650
2018-12-11 23:27:42.224364, 90.677
2018-12-11 23:27:47.304976, 90.746
2018-12-11 23:27:52.224346, 90.581
2018-12-11 23:27:57.232125, 90.622
2018-12-11 23:28:02.224259, 90.581
2018-12-11 23:28:07.228396, 90.664
2018-12-11 23:28:12.272189, 90.732
2018-12-11 23:28:17.267963, 90.650
2018-12-11 23:28:22.223285, 90.650
2018-12-11 23:28:27.221832, 90.677
2018-12-11 23:28:32.228326, 90.595
2018-12-11 23:28:37.221359, 90.595
2018-12-11 23:28:42.223244, 90.568
2018-12-11 23:28:47.272159, 90.581
2018-12-11 23:28:52.222385, 90.622
2018-12-11 23:28:57.225063, 90.513
2018-12-11 23:29:02.223882, 90.499
2018-12-11 23:29:07.227741, 90.554
2018-12-11 23:29:12.252660, 90.581
2018-12-11 23:29:17.280193, 90.664
2018-12-11 23:29:22.223420, 90.718
2018-12-11 23:29:27.222065, 90.746
2018-12-11 23:29:32.224797, 90.705
2018-12-11 23:29:37.265298, 90.691
2018-12-11 23:29:42.276028, 90.705
2018-12-11 23:29:47.242074, 90.212
2018-12-11 23:29:52.232184, 90.226
2018-12-11 23:29:57.222580, 90.199
2018-12-11 23:30:02.223072, 90.267
2018-12-11 23:30:07.242234, 90.609
2018-12-11 23:30:12.220349, 90.458
2018-12-11 23:30:17.222294, 90.226
2018-12-11 23:30:22.220036, 90.199
2018-12-11 23:30:27.219027, 90.199
2018-12-11 23:30:32.226501, 90.185
2018-12-11 23:30:37.228531, 90.185
2018-12-11 23:30:42.219684, 90.212
2018-12-11 23:30:47.219215, 90.554
2018-12-11 23:30:52.229639, 90.527
2018-12-11 23:30:57.264564, 90.622
2018-12-11 23:31:02.220508, 90.691
2018-12-11 23:31:07.238712, 90.869
2018-12-11 23:31:12.219860, 90.267
2018-12-11 23:31:17.218364, 90.828
2018-12-11 23:31:22.219631, 90.650
2018-12-11 23:31:27.262314, 90.650
2018-12-11 23:31:32.223500, 90.691
2018-12-11 23:31:37.219336, 90.622
2018-12-11 23:31:42.219052, 90.609
2018-12-11 23:31:47.217170, 90.664
2018-12-11 23:31:52.217727, 90.636
2018-12-11 23:31:57.261575, 90.664
2018-12-11 23:32:02.223323, 90.664
2018-12-11 23:32:07.216578, 90.814
2018-12-11 23:32:12.217140, 90.773
2018-12-11 23:32:17.216931, 90.787
2018-12-11 23:32:22.239695, 90.691
2018-12-11 23:32:27.265802, 90.800
2018-12-11 23:32:32.217585, 90.718
2018-12-11 23:32:37.216503, 90.718
2018-12-11 23:32:42.216644, 90.842
2018-12-11 23:32:47.219995, 91.130
2018-12-11 23:32:52.216298, 90.554
2018-12-11 23:32:57.263873, 90.595
2018-12-11 23:33:02.216284, 90.540
2018-12-11 23:33:07.215470, 90.540
2018-12-11 23:33:12.220740, 90.445
2018-12-11 23:33:17.214919, 90.540
2018-12-11 23:33:22.215984, 90.472
2018-12-11 23:33:27.220554, 90.458
2018-12-11 23:33:32.215363, 90.431
2018-12-11 23:33:37.214262, 90.472
2018-12-11 23:33:42.215118, 90.431
2018-12-11 23:33:47.257587, 90.445
2018-12-11 23:33:52.223567, 90.431
2018-12-11 23:33:57.215713, 90.445
2018-12-11 23:34:02.215297, 90.404
2018-12-11 23:34:07.216680, 90.390
2018-12-11 23:34:12.215214, 90.404
2018-12-11 23:34:17.253085, 90.431
2018-12-11 23:34:22.214857, 90.404
2018-12-11 23:34:27.213924, 90.417
2018-12-11 23:34:32.214234, 90.445
2018-12-11 23:34:37.215112, 90.458
2018-12-11 23:34:42.214014, 90.472
2018-12-11 23:34:47.253224, 90.458
2018-12-11 23:34:52.213600, 90.513
2018-12-11 23:34:57.212218, 90.527
2018-12-11 23:35:02.213581, 90.554
2018-12-11 23:35:07.211418, 90.540
2018-12-11 23:35:12.214665, 90.499
2018-12-11 23:35:17.303195, 90.499
2018-12-11 23:35:22.214732, 90.540
2018-12-11 23:35:27.212405, 90.499
2018-12-11 23:35:32.212573, 90.540
2018-12-11 23:35:37.218722, 90.513
2018-12-11 23:35:42.212326, 90.554
2018-12-11 23:35:47.257444, 90.581
2018-12-11 23:35:52.211661, 90.609
2018-12-11 23:35:57.216580, 90.800
2018-12-11 23:36:02.211777, 90.896
2018-12-11 23:36:07.211171, 90.924
2018-12-11 23:36:12.213066, 90.910
2018-12-11 23:36:17.253498, 90.965
2018-12-11 23:36:22.212860, 90.965
2018-12-11 23:36:27.227758, 90.951
2018-12-11 23:36:32.213061, 90.965
2018-12-11 23:36:37.209925, 90.650
2018-12-11 23:36:42.211307, 90.814
2018-12-11 23:36:47.210811, 90.759
2018-12-11 23:36:52.215014, 90.691
2018-12-11 23:36:57.232335, 90.732
2018-12-11 23:37:02.210757, 90.773
2018-12-11 23:37:07.257732, 90.691
2018-12-11 23:37:12.210801, 90.883
2018-12-11 23:37:17.212620, 90.253
2018-12-11 23:37:22.211058, 90.404
2018-12-11 23:37:27.210196, 90.759
2018-12-11 23:37:32.210513, 90.814
2018-12-11 23:37:37.209480, 90.294
2018-12-11 23:37:42.211287, 90.226
2018-12-11 23:37:47.264959, 90.240
2018-12-11 23:37:52.209043, 90.240
2018-12-11 23:37:57.211138, 90.253
2018-12-11 23:38:02.209152, 90.199
2018-12-11 23:38:07.291764, 90.267
2018-12-11 23:38:12.220324, 90.240
2018-12-11 23:38:17.207571, 90.212
2018-12-11 23:38:22.217798, 90.171
2018-12-11 23:38:27.207004, 90.158
2018-12-11 23:38:32.209294, 90.117
2018-12-11 23:38:37.259017, 90.158
2018-12-11 23:38:42.230606, 90.144
2018-12-11 23:38:47.207466, 90.117
2018-12-11 23:38:52.208238, 90.103
2018-12-11 23:38:57.208842, 90.103
2018-12-11 23:39:02.207648, 90.117
2018-12-11 23:39:07.250307, 90.103
2018-12-11 23:39:12.207343, 90.103
2018-12-11 23:39:17.208669, 90.076
2018-12-11 23:39:22.206944, 90.103
2018-12-11 23:39:27.209575, 90.117
2018-12-11 23:39:32.206492, 90.103
2018-12-11 23:39:37.255444, 90.117
2018-12-11 23:39:42.206703, 90.130
2018-12-11 23:39:47.205287, 90.103
2018-12-11 23:39:52.205705, 90.089
2018-12-11 23:39:57.205895, 90.103
2018-12-11 23:40:02.207200, 90.103
2018-12-11 23:40:07.252939, 90.103
2018-12-11 23:40:12.206811, 90.089
2018-12-11 23:40:17.204351, 90.089
2018-12-11 23:40:22.205019, 90.089
2018-12-11 23:40:27.222877, 90.089
2018-12-11 23:40:32.205827, 90.103
2018-12-11 23:40:37.262181, 90.076
2018-12-11 23:40:42.204664, 90.103
2018-12-11 23:40:47.205229, 90.089
2018-12-11 23:40:52.205935, 90.130
2018-12-11 23:40:57.203357, 90.103
2018-12-11 23:41:02.204296, 90.103
2018-12-11 23:41:07.256914, 90.117
2018-12-11 23:41:12.205429, 90.103
2018-12-11 23:41:17.203865, 90.103
2018-12-11 23:41:22.203781, 90.117
2018-12-11 23:41:27.203439, 90.376
2018-12-11 23:41:32.203995, 90.117
2018-12-11 23:41:37.245308, 90.089
2018-12-11 23:41:42.203183, 90.089
2018-12-11 23:41:47.208962, 90.089
2018-12-11 23:41:52.203243, 90.117
2018-12-11 23:41:57.202632, 90.089
2018-12-11 23:42:02.205262, 90.089
2018-12-11 23:42:07.274302, 90.103
2018-12-11 23:42:12.205924, 90.076
2018-12-11 23:42:17.207416, 90.089
2018-12-11 23:42:22.206242, 90.117
2018-12-11 23:42:27.247431, 90.089
2018-12-11 23:42:32.201468, 90.117
2018-12-11 23:42:37.201423, 90.103
2018-12-11 23:42:42.201860, 90.048
2018-12-11 23:42:47.200986, 90.089
2018-12-11 23:42:52.203084, 90.062
2018-12-11 23:42:57.199769, 90.089
2018-12-11 23:43:02.239325, 90.021
2018-12-11 23:43:07.247406, 90.021
2018-12-11 23:43:12.200662, 90.035
2018-12-11 23:43:17.253969, 90.035
2018-12-11 23:43:22.200817, 90.062
2018-12-11 23:43:27.204991, 90.021
2018-12-11 23:43:32.201027, 90.349
2018-12-11 23:43:37.202595, 90.308
2018-12-11 23:43:42.201094, 90.349
2018-12-11 23:43:47.243791, 90.390
2018-12-11 23:43:52.200541, 90.349
2018-12-11 23:43:57.208810, 90.376
2018-12-11 23:44:02.200672, 90.363
2018-12-11 23:44:07.201364, 90.568
2018-12-11 23:44:12.240050, 90.664
2018-12-11 23:44:17.202358, 90.540
2018-12-11 23:44:22.376008, 90.540
2018-12-11 23:44:27.204275, 90.527
2018-12-11 23:44:32.202408, 90.540
2018-12-11 23:44:37.198240, 90.499
2018-12-11 23:44:42.199245, 90.486
2018-12-11 23:44:47.242357, 90.486
2018-12-11 23:44:52.199141, 90.472
2018-12-11 23:44:57.197422, 90.513
2018-12-11 23:45:02.199255, 90.472
2018-12-11 23:45:07.197192, 90.458
2018-12-11 23:45:12.200976, 90.458
2018-12-11 23:45:17.243006, 90.472
2018-12-11 23:45:22.198797, 90.458
2018-12-11 23:45:27.199867, 90.800
2018-12-11 23:45:32.235638, 92.772
2018-12-11 23:45:37.227120, 93.008
2018-12-11 23:45:42.197825, 91.075
2018-12-11 23:45:47.239515, 21.957
2018-12-11 23:45:52.199164, 86.967
2018-12-11 23:45:57.198689, 86.980
2018-12-11 23:46:02.198975, 86.994
2018-12-11 23:46:07.198128, 87.168
2018-12-11 23:46:12.196623, 87.128
2018-12-11 23:46:17.247381, 87.235
2018-12-11 23:46:22.204804, 87.262
2018-12-11 23:46:27.237030, 87.275
2018-12-11 23:46:32.195501, 87.195
2018-12-11 23:46:37.196444, 88.163
2018-12-11 23:46:42.196208, 88.298
2018-12-11 23:46:47.237758, 88.325
2018-12-11 23:46:52.195246, 88.365
2018-12-11 23:46:57.194331, 88.325
2018-12-11 23:47:02.195341, 88.203
2018-12-11 23:47:07.206305, 88.122
2018-12-11 23:47:12.195461, 88.136
2018-12-11 23:47:17.237423, 88.176
2018-12-11 23:47:22.195060, 88.136
2018-12-11 23:47:27.193740, 88.122
2018-12-11 23:47:32.194895, 88.109
2018-12-11 23:47:37.197108, 88.042
2018-12-11 23:47:42.194945, 88.001
2018-12-11 23:47:47.237834, 88.001
2018-12-11 23:47:52.194960, 88.122
2018-12-11 23:47:57.192602, 88.069
2018-12-11 23:48:02.193975, 88.095
2018-12-11 23:48:07.194116, 88.001
2018-12-11 23:48:12.193459, 88.082
2018-12-11 23:48:17.241732, 88.055
2018-12-11 23:48:22.193558, 88.136
2018-12-11 23:48:27.192254, 88.136
2018-12-11 23:48:32.193097, 88.136
2018-12-11 23:48:37.192130, 88.109
2018-12-11 23:48:42.195222, 88.109
2018-12-11 23:48:47.244216, 88.122
2018-12-11 23:48:52.195079, 88.042
2018-12-11 23:48:57.192063, 88.082
2018-12-11 23:49:02.218916, 88.095
2018-12-11 23:49:07.191183, 88.122
2018-12-11 23:49:12.194170, 88.136
2018-12-11 23:49:17.236768, 88.122
2018-12-11 23:49:22.191857, 88.149
2018-12-11 23:49:27.238392, 88.136
2018-12-11 23:49:32.191666, 88.149
2018-12-11 23:49:37.190091, 88.136
2018-12-11 23:49:42.192037, 88.149
2018-12-11 23:49:47.233743, 88.122
2018-12-11 23:49:52.195905, 88.136
2018-12-11 23:49:57.191404, 88.176
2018-12-11 23:50:02.192150, 88.176
2018-12-11 23:50:07.192048, 88.190
2018-12-11 23:50:12.233527, 88.149
2018-12-11 23:50:17.233692, 88.190
2018-12-11 23:50:22.190380, 88.190
2018-12-11 23:50:27.188976, 88.163
2018-12-11 23:50:32.190773, 88.176
2018-12-11 23:50:37.232626, 88.163
2018-12-11 23:50:42.190429, 88.136
2018-12-11 23:50:47.252369, 88.095
2018-12-11 23:50:52.189793, 88.136
2018-12-11 23:50:57.199139, 88.109
2018-12-11 23:51:02.189569, 88.149
2018-12-11 23:51:07.257743, 88.163
2018-12-11 23:51:12.191425, 88.176
2018-12-11 23:51:17.188123, 88.176
2018-12-11 23:51:22.188462, 88.163
2018-12-11 23:51:27.188375, 88.095
2018-12-11 23:51:32.259022, 88.136
2018-12-11 23:51:37.229634, 88.136
2018-12-11 23:51:42.205021, 88.149
2018-12-11 23:51:47.188070, 88.109
2018-12-11 23:51:52.189680, 88.136
2018-12-11 23:51:57.188557, 88.149
2018-12-11 23:52:02.188201, 88.176
2018-12-11 23:52:07.231008, 88.149
2018-12-11 23:52:12.189408, 88.149
2018-12-11 23:52:17.187855, 88.149
2018-12-11 23:52:22.187720, 88.122
2018-12-11 23:52:27.187850, 88.136
2018-12-11 23:52:32.187531, 88.163
2018-12-11 23:52:37.230430, 88.136
2018-12-11 23:52:42.223684, 88.190
2018-12-11 23:52:47.186748, 88.176
2018-12-11 23:52:52.187941, 88.149
2018-12-11 23:52:57.184714, 88.163
2018-12-11 23:53:02.186526, 88.122
2018-12-11 23:53:07.229390, 88.122
2018-12-11 23:53:12.186583, 88.122
2018-12-11 23:53:17.184776, 88.122
2018-12-11 23:53:22.187717, 88.136
2018-12-11 23:53:27.184825, 88.190
2018-12-11 23:53:32.189382, 88.203
2018-12-11 23:53:37.233421, 88.176
2018-12-11 23:53:42.229112, 88.163
2018-12-11 23:53:47.184144, 88.176
2018-12-11 23:53:52.185445, 88.149
2018-12-11 23:53:57.184926, 88.176
2018-12-11 23:54:02.186428, 88.190
2018-12-11 23:54:07.228577, 88.190
2018-12-11 23:54:12.184631, 88.149
2018-12-11 23:54:17.183979, 88.163
2018-12-11 23:54:22.189404, 88.028
2018-12-11 23:54:27.183517, 88.042
2018-12-11 23:54:32.184168, 88.055
2018-12-11 23:54:37.183822, 88.069
2018-12-11 23:54:42.186905, 88.015
2018-12-11 23:54:47.183236, 88.055
2018-12-11 23:54:52.183956, 88.055
2018-12-11 23:54:57.224645, 88.055
2018-12-11 23:55:02.182987, 88.109
2018-12-11 23:55:07.182779, 88.190
2018-12-11 23:55:12.183301, 88.406
2018-12-11 23:55:17.184659, 88.392
2018-12-11 23:55:22.184434, 88.419
2018-12-11 23:55:27.229401, 88.365
2018-12-11 23:55:32.183007, 88.325
2018-12-11 23:55:37.216521, 88.325
2018-12-11 23:55:42.186012, 88.568
2018-12-11 23:55:47.224955, 88.392
2018-12-11 23:55:52.182826, 88.433
2018-12-11 23:55:57.245630, 88.311
2018-12-11 23:56:02.181977, 88.419
2018-12-11 23:56:07.201320, 88.365
2018-12-11 23:56:12.184161, 88.379
2018-12-11 23:56:17.179967, 88.392
2018-12-11 23:56:22.181881, 88.406
2018-12-11 23:56:27.229281, 88.392
2018-12-11 23:56:32.181586, 88.433
2018-12-11 23:56:37.179274, 88.514
2018-12-11 23:56:42.180999, 88.352
2018-12-11 23:56:47.204710, 88.473
2018-12-11 23:56:52.208347, 88.379
2018-12-11 23:56:57.244296, 88.352
2018-12-11 23:57:07.022796, 88.311
2018-12-11 23:57:11.981297, 88.365
2018-12-11 23:57:16.980029, 88.379
2018-12-11 23:57:21.980259, 88.636
2018-12-11 23:57:26.979792, 88.609
2018-12-11 23:57:31.980313, 88.446
2018-12-11 23:57:36.980846, 88.136
2018-12-11 23:57:41.981861, 88.460
2018-12-11 23:57:46.979815, 88.446
2018-12-11 23:57:51.981687, 88.325
2018-12-11 23:57:57.021790, 88.460
2018-12-11 23:58:01.981883, 88.473
2018-12-11 23:58:06.978766, 88.460
2018-12-11 23:58:11.979342, 88.433
2018-12-11 23:58:16.979880, 88.419
2018-12-11 23:58:21.980836, 88.338
2018-12-11 23:58:27.024613, 88.487
2018-12-11 23:58:31.979574, 88.379
2018-12-11 23:58:36.978614, 88.406
2018-12-11 23:58:41.979060, 88.514
2018-12-11 23:58:46.977146, 88.419
2018-12-11 23:58:51.979690, 88.473
2018-12-11 23:58:57.021078, 88.568
2018-12-11 23:59:01.978145, 88.460
2018-12-11 23:59:06.978319, 88.528
2018-12-11 23:59:11.977525, 88.392
2018-12-11 23:59:16.976639, 88.352
2018-12-11 23:59:21.977609, 88.338
2018-12-11 23:59:27.016800, 88.406
2018-12-11 23:59:31.977393, 88.406
2018-12-11 23:59:36.976927, 88.392
2018-12-11 23:59:41.977362, 88.487
2018-12-11 23:59:46.976387, 88.514
2018-12-11 23:59:51.977136, 88.433
2018-12-11 23:59:57.017496, 88.419
2018-12-12 00:00:01.999953, 88.379
2018-12-12 00:00:06.985305, 88.365
2018-12-12 00:00:11.977411, 88.379
2018-12-12 00:00:16.979236, 88.338
2018-12-12 00:00:21.976646, 88.338
2018-12-12 00:00:27.017684, 88.365
2018-12-12 00:00:31.976186, 88.325
2018-12-12 00:00:36.978107, 88.325
2018-12-12 00:00:41.975627, 88.325
2018-12-12 00:00:46.974749, 88.298
2018-12-12 00:00:51.975106, 88.338
2018-12-12 00:00:56.973698, 88.298
2018-12-12 00:01:01.975259, 88.284
2018-12-12 00:01:06.977701, 88.325
2018-12-12 00:01:11.975152, 88.298
2018-12-12 00:01:17.018009, 88.284
2018-12-12 00:01:21.977408, 88.284
2018-12-12 00:01:26.974465, 88.284
2018-12-12 00:01:31.975393, 88.284
2018-12-12 00:01:36.973239, 88.284
2018-12-12 00:01:41.974899, 88.298
2018-12-12 00:01:47.013793, 88.257
2018-12-12 00:01:51.974482, 88.257
2018-12-12 00:01:56.972720, 88.284
2018-12-12 00:02:01.973591, 88.244
2018-12-12 00:02:06.972196, 88.244
2018-12-12 00:02:11.974402, 88.257
2018-12-12 00:02:17.013426, 88.244
2018-12-12 00:02:21.972588, 88.284
2018-12-12 00:02:26.981541, 88.257
2018-12-12 00:02:31.973341, 88.379
2018-12-12 00:02:36.972844, 88.271
2018-12-12 00:02:41.983671, 88.460
2018-12-12 00:02:47.015485, 88.352
2018-12-12 00:02:51.973832, 88.325
2018-12-12 00:02:56.971297, 88.284
2018-12-12 00:03:01.972884, 88.338
2018-12-12 00:03:06.970857, 88.338
2018-12-12 00:03:11.972197, 88.325
2018-12-12 00:03:17.017542, 88.298
2018-12-12 00:03:21.973550, 88.298
2018-12-12 00:03:26.970292, 88.298
2018-12-12 00:03:31.972092, 88.298
2018-12-12 00:03:36.970826, 88.325
2018-12-12 00:03:41.972148, 88.338
2018-12-12 00:03:47.013890, 88.325
2018-12-12 00:03:51.970651, 88.311
2018-12-12 00:03:56.970933, 88.338
2018-12-12 00:04:01.971075, 88.311
2018-12-12 00:04:06.999320, 88.284
2018-12-12 00:04:11.971001, 88.244
2018-12-12 00:04:17.017572, 88.244
2018-12-12 00:04:21.972042, 88.271
2018-12-12 00:04:26.972240, 88.271
2018-12-12 00:04:31.970717, 88.230
2018-12-12 00:04:36.973417, 88.136
2018-12-12 00:04:41.970151, 88.163
2018-12-12 00:04:47.012141, 88.109
2018-12-12 00:04:51.973745, 88.122
2018-12-12 00:04:56.970774, 88.136
2018-12-12 00:05:01.977963, 88.095
2018-12-12 00:05:06.994660, 88.433
2018-12-12 00:05:11.969447, 87.947
2018-12-12 00:05:17.013682, 85.354
2018-12-12 00:05:21.968433, 86.152
2018-12-12 00:05:26.971986, 88.109
2018-12-12 00:05:31.968681, 88.122
2018-12-12 00:05:36.967446, 87.208
2018-12-12 00:05:41.967991, 87.208
2018-12-12 00:05:47.037429, 87.275
2018-12-12 00:05:51.975847, 88.433
2018-12-12 00:05:56.968589, 85.447
2018-12-12 00:06:01.977496, 85.527
2018-12-12 00:06:06.966421, 85.527
2018-12-12 00:06:11.970495, 85.514
2018-12-12 00:06:17.009846, 85.553
2018-12-12 00:06:21.967477, 85.500
2018-12-12 00:06:26.966379, 85.514
2018-12-12 00:06:31.967488, 85.514
2018-12-12 00:06:36.967596, 85.567
2018-12-12 00:06:41.980964, 85.527
2018-12-12 00:06:47.032954, 85.553
2018-12-12 00:06:51.966464, 85.540
2018-12-12 00:06:56.965743, 85.514
2018-12-12 00:07:01.967801, 85.540
2018-12-12 00:07:06.964744, 85.567
2018-12-12 00:07:11.967003, 85.567
2018-12-12 00:07:17.005036, 85.527
2018-12-12 00:07:21.965789, 85.553
2018-12-12 00:07:26.966439, 85.527
2018-12-12 00:07:31.967191, 85.500
2018-12-12 00:07:36.965014, 85.474
2018-12-12 00:07:41.965977, 85.487
2018-12-12 00:07:47.009146, 85.540
2018-12-12 00:07:51.964965, 85.514
2018-12-12 00:07:56.968971, 85.540
2018-12-12 00:08:01.966355, 85.514
2018-12-12 00:08:06.967067, 85.527
2018-12-12 00:08:11.964545, 85.580
2018-12-12 00:08:16.965357, 85.487
2018-12-12 00:08:21.965934, 85.421
2018-12-12 00:08:26.977388, 85.421
2018-12-12 00:08:31.964775, 85.421
2018-12-12 00:08:37.006920, 85.474
2018-12-12 00:08:41.963858, 85.500
2018-12-12 00:08:46.968367, 85.474
2018-12-12 00:08:51.963705, 85.500
2018-12-12 00:08:56.962747, 85.540
2018-12-12 00:09:01.974729, 85.487
2018-12-12 00:09:07.021265, 85.394
2018-12-12 00:09:11.988167, 85.421
2018-12-12 00:09:17.060558, 85.447
2018-12-12 00:09:21.964617, 85.461
2018-12-12 00:09:26.961495, 85.474
2018-12-12 00:09:31.963490, 85.421
2018-12-12 00:09:37.007655, 85.447
2018-12-12 00:09:42.009158, 85.447
2018-12-12 00:09:46.967054, 85.474
2018-12-12 00:09:51.965487, 85.500
2018-12-12 00:09:56.962490, 85.514
2018-12-12 00:10:01.963189, 85.474
2018-12-12 00:10:07.051479, 85.487
2018-12-12 00:10:11.962657, 85.487
2018-12-12 00:10:16.967907, 85.381
2018-12-12 00:10:21.991299, 85.394
2018-12-12 00:10:26.964052, 85.407
2018-12-12 00:10:31.961127, 85.434
2018-12-12 00:10:37.001633, 85.461
2018-12-12 00:10:41.960454, 85.421
2018-12-12 00:10:46.959506, 85.421
2018-12-12 00:10:51.960126, 85.461
2018-12-12 00:10:56.966520, 85.434
2018-12-12 00:11:01.974453, 85.487
2018-12-12 00:11:07.003483, 85.407
2018-12-12 00:11:11.960288, 85.434
2018-12-12 00:11:16.963542, 85.474
2018-12-12 00:11:21.959924, 85.487
2018-12-12 00:11:26.958927, 85.500
2018-12-12 00:11:31.960237, 85.527
2018-12-12 00:11:37.011499, 85.527
2018-12-12 00:11:41.959586, 85.500
2018-12-12 00:11:46.967879, 85.540
2018-12-12 00:11:51.960015, 85.514
2018-12-12 00:11:56.981352, 85.514
2018-12-12 00:12:02.012416, 85.514
2018-12-12 00:12:07.002646, 85.103
2018-12-12 00:12:11.959186, 85.514
2018-12-12 00:12:16.971055, 85.301
2018-12-12 00:12:21.959802, 85.580
2018-12-12 00:12:27.021649, 85.553
2018-12-12 00:12:31.959953, 85.607
2018-12-12 00:12:36.957572, 85.580
2018-12-12 00:12:41.957853, 85.567
2018-12-12 00:12:46.961861, 85.553
2018-12-12 00:12:51.957897, 85.553
2018-12-12 00:12:56.997393, 85.567
2018-12-12 00:13:01.959901, 85.607
2018-12-12 00:13:06.991257, 85.567
2018-12-12 00:13:11.960036, 85.580
2018-12-12 00:13:16.955780, 85.553
2018-12-12 00:13:21.959491, 85.580
2018-12-12 00:13:27.010929, 85.593
2018-12-12 00:13:31.957818, 85.567
2018-12-12 00:13:36.955734, 85.593
2018-12-12 00:13:41.957422, 85.593
2018-12-12 00:13:46.955378, 85.607
2018-12-12 00:13:51.956162, 85.580
2018-12-12 00:13:56.996946, 85.593
2018-12-12 00:14:01.959635, 85.527
2018-12-12 00:14:06.957075, 85.607
2018-12-12 00:14:11.975084, 85.527
2018-12-12 00:14:16.957572, 85.580
2018-12-12 00:14:21.955603, 85.580
2018-12-12 00:14:27.085018, 85.593
2018-12-12 00:14:31.959958, 85.461
2018-12-12 00:14:36.957564, 85.593
2018-12-12 00:14:41.954902, 85.593
2018-12-12 00:14:46.996945, 85.514
2018-12-12 00:14:51.955407, 85.540
2018-12-12 00:14:56.953593, 85.527
2018-12-12 00:15:01.954798, 85.487
2018-12-12 00:15:06.997056, 85.527
2018-12-12 00:15:11.978478, 85.553
2018-12-12 00:15:16.952691, 85.540
2018-12-12 00:15:21.954682, 85.514
2018-12-12 00:15:27.041451, 85.487
2018-12-12 00:15:32.004070, 85.540
2018-12-12 00:15:36.953379, 85.527
2018-12-12 00:15:45.956948, 85.553
2018-12-12 00:15:50.913127, 85.500
2018-12-12 00:15:55.912058, 85.474
2018-12-12 00:16:00.915358, 85.487
2018-12-12 00:16:05.916350, 85.487
2018-12-12 00:16:10.912961, 85.487
2018-12-12 00:16:15.959136, 85.540
2018-12-12 00:16:20.939397, 85.288
2018-12-12 00:16:25.912268, 85.381
2018-12-12 00:16:30.949646, 85.514
2018-12-12 00:16:35.911537, 85.540
2018-12-12 00:16:40.911727, 85.514
2018-12-12 00:16:45.954020, 85.540
2018-12-12 00:16:50.911919, 85.553
2018-12-12 00:16:55.920675, 85.527
2018-12-12 00:17:00.920329, 85.553
2018-12-12 00:17:05.910838, 85.540
2018-12-12 00:17:10.911149, 85.407
2018-12-12 00:17:15.955391, 85.567
2018-12-12 00:17:20.910792, 85.553
2018-12-12 00:17:25.929126, 85.607
2018-12-12 00:17:30.911201, 85.607
2018-12-12 00:17:35.910598, 85.593
2018-12-12 00:17:40.910997, 85.593
2018-12-12 00:17:45.953915, 85.607
2018-12-12 00:17:50.910568, 85.593
2018-12-12 00:17:55.914493, 85.580
2018-12-12 00:18:00.911346, 85.580
2018-12-12 00:18:05.909248, 85.567
2018-12-12 00:18:10.911322, 85.540
2018-12-12 00:18:15.952934, 85.593
2018-12-12 00:18:20.909302, 85.527
2018-12-12 00:18:25.911684, 85.580
2018-12-12 00:18:30.915087, 85.527
2018-12-12 00:18:35.908771, 85.540
2018-12-12 00:18:40.908203, 85.514
2018-12-12 00:18:45.985763, 85.567
2018-12-12 00:18:50.912535, 85.567
2018-12-12 00:18:55.910437, 85.553
2018-12-12 00:19:00.909269, 85.527
2018-12-12 00:19:05.949461, 85.567
2018-12-12 00:19:10.908505, 85.553
2018-12-12 00:19:15.913477, 85.540
2018-12-12 00:19:20.909836, 85.567
2018-12-12 00:19:25.915599, 85.553
2018-12-12 00:19:30.909353, 85.514
2018-12-12 00:19:35.952766, 88.609
2018-12-12 00:19:40.907713,-11.329
2018-12-12 00:19:45.908428, 82.372
2018-12-12 00:19:50.908301, 85.567
2018-12-12 00:19:55.906449, 85.567
2018-12-12 00:20:00.907740, 85.633
2018-12-12 00:20:05.952389, 85.607
2018-12-12 00:20:10.909142, 85.593
2018-12-12 00:20:15.905055, 85.315
2018-12-12 00:20:20.906961, 85.633
2018-12-12 00:20:25.906850, 85.593
2018-12-12 00:20:30.915736, 85.633
2018-12-12 00:20:35.982099, 85.633
2018-12-12 00:20:40.907376, 85.660
2018-12-12 00:20:45.965000, 85.620
2018-12-12 00:20:50.932619, 85.633
2018-12-12 00:20:55.905761, 85.646
2018-12-12 00:21:00.905118, 85.593
2018-12-12 00:21:05.945866, 85.673
2018-12-12 00:21:10.905509, 85.633
2018-12-12 00:21:15.912407, 85.633
2018-12-12 00:21:20.904691, 85.633
2018-12-12 00:21:25.909589, 85.646
2018-12-12 00:21:30.943690, 85.660
2018-12-12 00:21:35.986976, 85.620
2018-12-12 00:21:40.904894, 85.633
2018-12-12 00:21:45.906008, 85.686
2018-12-12 00:21:50.908461, 85.620
2018-12-12 00:21:55.903372, 85.646
2018-12-12 00:22:00.903781, 85.633
2018-12-12 00:22:05.946200, 85.713
2018-12-12 00:22:10.903771, 85.832
2018-12-12 00:22:15.905678, 85.713
2018-12-12 00:22:20.905548, 85.859
2018-12-12 00:22:25.919191, 85.846
2018-12-12 00:22:30.903101, 85.407
2018-12-12 00:22:35.904227, 85.354
2018-12-12 00:22:40.902840, 85.899
2018-12-12 00:22:45.903686, 85.686
2018-12-12 00:22:50.902531, 85.700
2018-12-12 00:22:55.912743, 85.660
2018-12-12 00:23:00.903669, 85.673
2018-12-12 00:23:05.901890, 85.700
2018-12-12 00:23:10.902765, 85.686
2018-12-12 00:23:15.946162, 85.660
2018-12-12 00:23:20.919314, 85.660
2018-12-12 00:23:25.902174, 85.660
2018-12-12 00:23:30.902661, 85.646
2018-12-12 00:23:35.903317, 85.633
2018-12-12 00:23:40.901383, 85.660
2018-12-12 00:23:45.941503, 85.673
2018-12-12 00:23:50.902596, 85.646
2018-12-12 00:23:55.906675, 85.646
2018-12-12 00:24:00.901236, 85.660
2018-12-12 00:24:05.902743, 85.793
2018-12-12 00:24:10.900237, 85.766
2018-12-12 00:24:15.902207, 85.832
2018-12-12 00:24:20.901064, 85.766
2018-12-12 00:24:25.899807, 85.766
2018-12-12 00:24:30.903196, 85.633
2018-12-12 00:24:35.901974, 85.819
2018-12-12 00:24:40.902583, 85.806
2018-12-12 00:24:45.941494, 85.886
2018-12-12 00:24:50.937793, 85.886
2018-12-12 00:24:55.899019, 85.859
2018-12-12 00:25:00.901259, 85.886
2018-12-12 00:25:05.941515, 85.872
2018-12-12 00:25:10.898918, 85.886
2018-12-12 00:25:15.898631, 85.832
2018-12-12 00:25:20.899851, 85.899
2018-12-12 00:25:25.941078, 85.793
2018-12-12 00:25:30.899775, 85.832
2018-12-12 00:25:35.941522, 85.766
2018-12-12 00:25:40.900359, 85.766
2018-12-12 00:25:45.897770, 85.793
2018-12-12 00:25:50.898787, 85.846
2018-12-12 00:25:55.899146, 85.872
2018-12-12 00:26:00.900241, 85.859
2018-12-12 00:26:05.945740, 85.832
2018-12-12 00:26:10.897779, 85.766
2018-12-12 00:26:15.899372, 85.806
2018-12-12 00:26:20.902072, 85.899
2018-12-12 00:26:25.937205, 85.793
2018-12-12 00:26:30.903698, 85.899
2018-12-12 00:26:35.902617, 85.766
2018-12-12 00:26:40.959350, 85.793
2018-12-12 00:26:45.895586, 85.832
2018-12-12 00:26:50.896698, 85.753
2018-12-12 00:26:55.938291, 85.753
2018-12-12 00:27:00.896235, 85.779
2018-12-12 00:27:05.925120, 85.713
2018-12-12 00:27:17.458438, 86.672
2018-12-12 00:27:22.427147, 85.341
2018-12-12 00:27:27.420271, 85.354
2018-12-12 00:27:32.416732, 85.301
2018-12-12 00:27:37.419018, 85.275
2018-12-12 00:27:42.419289, 85.275
2018-12-12 00:27:47.457001, 85.156
2018-12-12 00:27:52.416858, 85.076
2018-12-12 00:27:57.416764, 85.103
2018-12-12 00:28:02.425309, 84.402
2018-12-12 00:28:07.414771, 84.851
2018-12-12 00:28:12.416186, 85.341
2018-12-12 00:28:17.458046, 84.957
2018-12-12 00:28:22.424750, 84.851
2018-12-12 00:28:27.456772, 84.785
2018-12-12 00:28:32.416668, 84.838
2018-12-12 00:28:37.413692, 85.368
2018-12-12 00:28:42.416001, 85.315
2018-12-12 00:28:47.412377, 85.288
2018-12-12 00:28:52.415711, 85.275
2018-12-12 00:28:57.478203, 85.275
2018-12-12 00:29:02.416304, 85.275
2018-12-12 00:29:07.413604, 85.209
2018-12-12 00:29:12.414942, 85.248
2018-12-12 00:29:17.412830, 85.275
2018-12-12 00:29:22.412710, 85.235
2018-12-12 00:29:27.453775, 85.222
2018-12-12 00:29:32.412838, 85.275
2018-12-12 00:29:37.411550, 85.328
2018-12-12 00:29:42.412893, 85.341
2018-12-12 00:29:47.448218, 85.288
2018-12-12 00:29:52.456645, 85.328
2018-12-12 00:29:57.453214, 85.315
2018-12-12 00:30:02.411756, 85.315
2018-12-12 00:30:07.412861, 85.328
2018-12-12 00:30:12.417840, 85.368
2018-12-12 00:30:17.417672, 85.354
2018-12-12 00:30:22.412138, 85.341
2018-12-12 00:30:27.453980, 85.328
2018-12-12 00:30:32.411712, 85.354
2018-12-12 00:30:37.411801, 85.275
2018-12-12 00:30:42.410935, 85.288
2018-12-12 00:30:47.409456, 85.275
2018-12-12 00:30:52.411918, 85.275
2018-12-12 00:30:57.409989, 85.235
2018-12-12 00:31:02.409951, 85.248
2018-12-12 00:31:07.411421, 85.288
2018-12-12 00:31:12.413566, 85.275
2018-12-12 00:31:17.449159, 85.235
2018-12-12 00:31:22.448227, 85.222
2018-12-12 00:31:27.409376, 85.248
2018-12-12 00:31:32.411075, 85.248
2018-12-12 00:31:37.409477, 85.288
2018-12-12 00:31:42.411398, 85.275
2018-12-12 00:31:47.411267, 85.301
2018-12-12 00:31:52.408678, 85.315
2018-12-12 00:31:57.408296, 85.341
2018-12-12 00:32:02.431704, 85.315
2018-12-12 00:32:07.449808, 85.235
2018-12-12 00:32:12.410828, 85.315
2018-12-12 00:32:17.413231, 85.341
2018-12-12 00:32:22.408056, 85.328
2018-12-12 00:32:27.411597, 85.315
2018-12-12 00:32:32.410280, 85.248
2018-12-12 00:32:37.449245, 85.328
2018-12-12 00:32:42.407782, 85.328
2018-12-12 00:32:47.441659, 85.301
2018-12-12 00:32:52.408790, 85.315
2018-12-12 00:32:57.407892, 85.275
2018-12-12 00:33:02.489024, 85.248
2018-12-12 00:33:07.452720, 85.301
2018-12-12 00:33:12.407641, 85.195
2018-12-12 00:33:17.407120, 85.222
2018-12-12 00:33:22.407302, 85.129
2018-12-12 00:33:27.406828, 85.103
2018-12-12 00:33:32.405859, 87.732
2018-12-12 00:33:37.405674, 87.382
2018-12-12 00:33:42.407446, 84.772
2018-12-12 00:33:47.411687, 85.262
2018-12-12 00:33:52.404944, 85.222
2018-12-12 00:33:57.410427, 85.222
2018-12-12 00:34:02.459700, 85.235
2018-12-12 00:34:07.405239, 85.182
2018-12-12 00:34:12.406777, 85.156
2018-12-12 00:34:17.449291, 85.142
2018-12-12 00:34:22.423455, 85.129
2018-12-12 00:34:27.404366, 85.142
2018-12-12 00:34:32.405429, 85.142
2018-12-12 00:34:37.407897, 85.142
2018-12-12 00:34:42.404965, 85.169
2018-12-12 00:34:47.455052, 85.156
2018-12-12 00:34:52.406285, 85.129
2018-12-12 00:34:57.405812, 85.116
2018-12-12 00:35:02.406422, 85.129
2018-12-12 00:35:07.403467, 85.288
2018-12-12 00:35:12.417976, 85.103
2018-12-12 00:35:17.445540, 85.129
2018-12-12 00:35:22.404190, 85.103
2018-12-12 00:35:27.403602, 85.116
2018-12-12 00:35:32.406598, 85.116
2018-12-12 00:35:37.440528, 84.851
2018-12-12 00:35:42.420838, 85.129
2018-12-12 00:35:47.405259, 85.474
2018-12-12 00:35:52.403581, 85.036
2018-12-12 00:35:57.402594, 84.772
2018-12-12 00:36:02.403354, 84.865
2018-12-12 00:36:07.449554, 85.979
2018-12-12 00:36:12.403269, 84.944
2018-12-12 00:36:17.403224, 84.917
2018-12-12 00:36:22.403395, 85.023
2018-12-12 00:36:27.401928, 84.891
2018-12-12 00:36:32.403668, 84.904
2018-12-12 00:36:37.404393, 84.931
2018-12-12 00:36:42.401787, 85.023
2018-12-12 00:36:47.461817, 84.970
2018-12-12 00:36:52.402046, 84.997
2018-12-12 00:36:57.400834, 84.970
2018-12-12 00:37:02.401252, 84.984
2018-12-12 00:37:07.400682, 84.997
2018-12-12 00:37:12.403245, 85.023
2018-12-12 00:37:17.444259, 85.023
2018-12-12 00:37:22.405308, 85.036
2018-12-12 00:37:27.400625, 84.984
2018-12-12 00:37:32.400719, 84.957
2018-12-12 00:37:37.420671, 85.023
2018-12-12 00:37:42.399931, 85.089
2018-12-12 00:37:47.441951, 85.036
2018-12-12 00:37:52.399907, 85.063
2018-12-12 00:37:57.408158, 85.050
2018-12-12 00:38:02.399423, 84.997
2018-12-12 00:38:07.401658, 85.023
2018-12-12 00:38:12.416556, 85.036
2018-12-12 00:38:17.476621, 84.997
2018-12-12 00:38:22.399524, 85.023
2018-12-12 00:38:27.404391, 85.076
2018-12-12 00:38:32.399063, 84.997
2018-12-12 00:38:37.444575, 84.944
2018-12-12 00:38:42.400160, 85.036
2018-12-12 00:38:47.398689, 85.116
2018-12-12 00:38:52.398108, 85.010
2018-12-12 00:38:57.397796, 85.063
2018-12-12 00:39:02.401642, 85.301
2018-12-12 00:39:07.399342, 84.917
2018-12-12 00:39:12.397901, 84.917
2018-12-12 00:39:17.396837, 85.023
2018-12-12 00:39:22.397553, 84.099
2018-12-12 00:39:27.442590, 85.540
2018-12-12 00:39:32.399989, 85.660
2018-12-12 00:39:37.400521, 86.245
2018-12-12 00:39:42.398235, 85.633
2018-12-12 00:39:47.441072,-32.870
2018-12-12 00:39:52.397003,-21.514
2018-12-12 00:39:57.441261, 83.850
2018-12-12 00:40:02.396904, 83.561
2018-12-12 00:40:07.395896, 83.168
2018-12-12 00:40:12.396550, 83.377
2018-12-12 00:40:17.395415, 83.338
2018-12-12 00:40:22.411450, 83.404
2018-12-12 00:40:27.437962, 83.495
2018-12-12 00:40:32.397148, 83.535
2018-12-12 00:40:37.395183, 83.482
2018-12-12 00:40:42.395232, 83.377
2018-12-12 00:40:47.415934, 83.325
2018-12-12 00:40:52.411909, 83.390
2018-12-12 00:40:57.436969, 83.390
2018-12-12 00:41:02.396941, 83.404
2018-12-12 00:41:07.394070, 83.338
2018-12-12 00:41:12.395306, 83.286
2018-12-12 00:41:17.442090, 83.338
2018-12-12 00:41:22.395352, 83.364
2018-12-12 00:41:27.398603, 83.364
2018-12-12 00:41:32.397025, 83.417
2018-12-12 00:41:37.393573, 83.390
2018-12-12 00:41:42.395220, 83.508
2018-12-12 00:41:47.435038, 83.417
2018-12-12 00:41:52.397660, 83.377
2018-12-12 00:41:57.394325, 83.364
2018-12-12 00:42:02.394176, 83.364
2018-12-12 00:42:07.399700, 83.364
2018-12-12 00:42:12.393232, 83.312
2018-12-12 00:42:17.451538, 83.351
2018-12-12 00:42:22.394864, 83.377
2018-12-12 00:42:27.392201, 83.312
2018-12-12 00:42:32.392766, 83.377
2018-12-12 00:42:37.396678, 83.469
2018-12-12 00:42:42.393441, 83.417
2018-12-12 00:42:47.433839, 83.404
2018-12-12 00:42:52.396201, 83.456
2018-12-12 00:42:57.390771, 83.417
2018-12-12 00:43:02.391913, 83.456
2018-12-12 00:43:07.390284, 83.377
2018-12-12 00:43:12.391456, 83.404
2018-12-12 00:43:17.434614, 83.430
2018-12-12 00:43:22.391678, 83.390
2018-12-12 00:43:27.389835, 83.456
2018-12-12 00:43:32.394181, 83.417
2018-12-12 00:43:37.393116, 83.469
2018-12-12 00:43:42.390579, 83.430
2018-12-12 00:43:47.433376, 83.443
2018-12-12 00:43:52.390957, 83.390
2018-12-12 00:43:57.389813, 83.417
2018-12-12 00:44:02.391438, 83.679
2018-12-12 00:44:07.389943, 83.705
2018-12-12 00:44:12.391244, 83.587
2018-12-12 00:44:17.449375, 83.495
2018-12-12 00:44:22.391091, 83.469
2018-12-12 00:44:27.433035, 83.561
2018-12-12 00:44:32.391311, 83.443
2018-12-12 00:44:37.393124, 83.417
2018-12-12 00:44:42.393094, 83.508
2018-12-12 00:44:47.447635, 83.456
2018-12-12 00:44:52.390498, 83.168
2018-12-12 00:44:57.390299, 83.377
2018-12-12 00:45:02.389536, 83.456
2018-12-12 00:45:07.387539, 83.443
2018-12-12 00:45:12.388864, 83.456
2018-12-12 00:45:17.431636, 83.456
2018-12-12 00:45:22.389640, 83.469
2018-12-12 00:45:27.405042, 83.456
2018-12-12 00:45:32.387727, 83.469
2018-12-12 00:45:37.388688, 83.404
2018-12-12 00:45:42.389459, 83.561
2018-12-12 00:45:47.432020, 83.548
2018-12-12 00:45:52.388202, 83.548
2018-12-12 00:45:57.386902, 83.587
2018-12-12 00:46:02.387193, 83.535
2018-12-12 00:46:07.432228, 83.587
2018-12-12 00:46:12.388008, 83.561
2018-12-12 00:46:17.386648, 83.495
2018-12-12 00:46:22.386242, 83.548
2018-12-12 00:46:27.388827, 83.535
2018-12-12 00:46:32.385940, 83.495
2018-12-12 00:46:37.440636, 83.508
2018-12-12 00:46:42.411384, 83.273
2018-12-12 00:46:47.432480, 83.325
2018-12-12 00:46:52.386715, 83.286
2018-12-12 00:46:57.429165, 83.469
2018-12-12 00:47:02.385622, 83.417
2018-12-12 00:47:07.430372, 83.351
2018-12-12 00:47:12.385663, 83.587
2018-12-12 00:47:17.384291, 83.679
2018-12-12 00:47:22.392065, 83.981
2018-12-12 00:47:27.383688, 83.902
2018-12-12 00:47:32.384793, 83.863
2018-12-12 00:47:37.429315, 83.731
2018-12-12 00:47:42.384994, 83.771
2018-12-12 00:47:47.383317, 83.745
2018-12-12 00:47:52.384883, 83.823
2018-12-12 00:47:57.384998, 83.679
2018-12-12 00:48:02.428447, 83.679
2018-12-12 00:48:07.435346, 83.666
2018-12-12 00:48:12.384778, 83.718
2018-12-12 00:48:17.383267, 83.692
2018-12-12 00:48:22.384242, 83.731
2018-12-12 00:48:27.384205, 83.705
2018-12-12 00:48:32.391608, 83.626
2018-12-12 00:48:37.383000, 83.666
2018-12-12 00:48:42.389081, 83.653
2018-12-12 00:48:47.383495, 83.640
2018-12-12 00:48:52.383411, 83.469
2018-12-12 00:48:57.425946, 83.194
2018-12-12 00:49:02.383425, 83.181
2018-12-12 00:49:07.387098, 83.089
2018-12-12 00:49:12.382695, 83.181
2018-12-12 00:49:17.425036, 83.142
2018-12-12 00:49:22.383377, 83.116
2018-12-12 00:49:27.435160, 83.076
2018-12-12 00:49:32.399417, 83.050
2018-12-12 00:49:37.384718, 83.063
2018-12-12 00:49:42.382341, 83.050
2018-12-12 00:49:47.380637, 83.089
2018-12-12 00:49:52.383687, 83.207
2018-12-12 00:49:57.425278, 83.377
2018-12-12 00:50:02.419551, 83.220
2018-12-12 00:50:07.385250, 83.220
2018-12-12 00:50:12.380694, 83.377
2018-12-12 00:50:17.381277, 83.325
2018-12-12 00:50:22.400866, 83.299
2018-12-12 00:50:27.380637, 83.351
2018-12-12 00:50:32.380022, 83.220
2018-12-12 00:50:37.378987, 83.286
2018-12-12 00:50:42.412978, 83.233
2018-12-12 00:50:47.420993, 83.233
2018-12-12 00:50:52.380199, 83.286
2018-12-12 00:50:57.383387, 83.364
2018-12-12 00:51:02.381922, 83.325
2018-12-12 00:51:07.397045, 83.299
2018-12-12 00:51:12.379179, 83.259
2018-12-12 00:51:17.461113, 83.116
2018-12-12 00:51:22.381320, 83.102
2018-12-12 00:51:27.396229, 83.142
2018-12-12 00:51:32.379676, 83.338
2018-12-12 00:51:37.445117, 83.312
2018-12-12 00:51:42.379230, 83.377
2018-12-12 00:51:47.428474, 83.377
2018-12-12 00:51:52.386167, 83.364
2018-12-12 00:51:57.381540, 83.273
2018-12-12 00:52:02.377832, 83.417
2018-12-12 00:52:07.380862, 83.377
2018-12-12 00:52:12.378235, 83.404
2018-12-12 00:52:17.418246, 83.273
2018-12-12 00:52:22.377677, 83.299
2018-12-12 00:52:27.376956, 83.850
2018-12-12 00:52:32.377702, 83.168
2018-12-12 00:52:37.377275, 82.411
2018-12-12 00:52:42.389638, 83.508
2018-12-12 00:52:47.379007, 83.535
2018-12-12 00:52:52.378878, 83.456
2018-12-12 00:52:57.429519, 83.521
2018-12-12 00:53:02.376471, 83.521
2018-12-12 00:53:07.375568, 83.508
2018-12-12 00:53:12.376370, 83.495
2018-12-12 00:53:17.375427, 83.561
2018-12-12 00:53:22.376010, 83.587
2018-12-12 00:53:27.417061, 83.548
2018-12-12 00:53:32.376545, 83.666
2018-12-12 00:53:37.379467, 83.640
2018-12-12 00:53:42.379403, 83.600
2018-12-12 00:53:47.416854, 83.587
2018-12-12 00:53:52.377180, 83.626
2018-12-12 00:53:57.419170, 83.613
2018-12-12 00:54:02.375122, 83.626
2018-12-12 00:54:07.379636, 83.574
2018-12-12 00:54:12.374688, 83.561
2018-12-12 00:54:17.373316, 83.574
2018-12-12 00:54:22.374579, 83.626
2018-12-12 00:54:27.426193, 83.626
2018-12-12 00:54:32.374396, 83.626
2018-12-12 00:54:37.374360, 83.561
2018-12-12 00:54:42.386227, 83.613
2018-12-12 00:54:47.375161, 83.613
2018-12-12 00:54:52.378293, 83.561
2018-12-12 00:54:57.417038, 83.600
2018-12-12 00:55:02.373619, 83.626
2018-12-12 00:55:07.373896, 83.653
2018-12-12 00:55:12.406864, 83.613
2018-12-12 00:55:17.375528, 83.640
2018-12-12 00:55:22.381009, 83.600
2018-12-12 00:55:27.417941, 83.640
2018-12-12 00:55:32.439315, 83.613
2018-12-12 00:55:37.375121, 83.653
2018-12-12 00:55:42.379187, 83.679
2018-12-12 00:55:47.373738, 83.626
2018-12-12 00:55:52.371952, 83.653
2018-12-12 00:55:57.413121, 83.679
2018-12-12 00:56:02.372299, 83.653
2018-12-12 00:56:07.371969, 83.745
2018-12-12 00:56:12.371983, 83.705
2018-12-12 00:56:17.376887, 83.692
2018-12-12 00:56:22.371409, 83.574
2018-12-12 00:56:27.420756, 83.692
2018-12-12 00:56:32.371330, 83.692
2018-12-12 00:56:37.371430, 83.574
2018-12-12 00:56:42.371012, 83.653
2018-12-12 00:56:47.395386, 83.626
2018-12-12 00:56:52.371173, 83.758
2018-12-12 00:56:57.424701, 83.731
2018-12-12 00:57:02.371667, 83.679
2018-12-12 00:57:07.370456, 83.587
2018-12-12 00:57:12.369851, 83.587
2018-12-12 00:57:17.404603, 83.587
2018-12-12 00:57:28.124250, 83.587
2018-12-12 00:57:33.075289, 83.600
2018-12-12 00:57:38.101989, 83.574
2018-12-12 00:57:43.071437, 83.705
2018-12-12 00:57:48.071305, 83.640
2018-12-12 00:57:53.070467, 83.574
2018-12-12 00:57:58.075575, 83.587
2018-12-12 00:58:03.070540, 83.784
2018-12-12 00:58:08.072835, 85.713
2018-12-12 00:58:13.071178, 83.731
2018-12-12 00:58:18.073204, 83.731
2018-12-12 00:58:23.069619, 85.686
2018-12-12 00:58:28.091727, 85.620
2018-12-12 00:58:33.070665, 83.521
2018-12-12 00:58:38.068964, 83.718
2018-12-12 00:58:43.070398, 83.653
2018-12-12 00:58:48.113689, 83.666
2018-12-12 00:58:53.071887, 83.666
2018-12-12 00:58:58.068297, 84.521
2018-12-12 00:59:03.068868, 80.083
2018-12-12 00:59:08.072737, 29.258
2018-12-12 00:59:13.071055,  2.634
2018-12-12 00:59:18.078647, 36.733
2018-12-12 00:59:23.069008, 83.443
2018-12-12 00:59:28.097741, 82.215
2018-12-12 00:59:33.068645, 82.215
2018-12-12 00:59:38.111519, 82.215
2018-12-12 00:59:43.067237, 82.267
2018-12-12 00:59:48.066792, 82.254
2018-12-12 00:59:53.077800, 82.254
2018-12-12 00:59:58.066735, 82.033
2018-12-12 01:00:03.066926, 82.007
2018-12-12 01:00:08.065750, 82.189
2018-12-12 01:00:13.067179, 82.033
2018-12-12 01:00:18.065570, 82.020
2018-12-12 01:00:23.066605, 82.020
2018-12-12 01:00:28.109215, 82.007
2018-12-12 01:00:33.067444, 81.956
2018-12-12 01:00:38.065945, 81.994
2018-12-12 01:00:43.065994, 81.994
2018-12-12 01:00:48.065166, 81.994
2018-12-12 01:00:53.069513, 82.072
2018-12-12 01:00:58.104950, 82.072
2018-12-12 01:01:03.072566, 82.046
2018-12-12 01:01:08.135216, 82.111
2018-12-12 01:01:13.083897, 81.994
2018-12-12 01:01:18.064705, 82.033
2018-12-12 01:01:23.065287, 82.098
2018-12-12 01:01:28.112461, 82.098
2018-12-12 01:01:33.065261, 82.059
2018-12-12 01:01:38.063993, 81.981
2018-12-12 01:01:43.064413, 81.943
2018-12-12 01:01:48.068596, 81.981
2018-12-12 01:01:53.064484, 81.981
2018-12-12 01:01:58.105786, 81.943
2018-12-12 01:02:03.065130, 82.059
2018-12-12 01:02:08.064683, 81.994
2018-12-12 01:02:13.063774, 36.569
2018-12-12 01:02:18.063280, 35.707
2018-12-12 01:02:23.063346, 81.813
2018-12-12 01:02:28.107287, 81.826
2018-12-12 01:02:33.103933, 81.865
2018-12-12 01:02:38.062862, 81.813
2018-12-12 01:02:43.063538, 81.943
2018-12-12 01:02:48.062929, 81.852
2018-12-12 01:02:53.062945, 81.878
2018-12-12 01:02:58.105509, 81.917
2018-12-12 01:03:03.062534, 81.943
2018-12-12 01:03:08.063806, 81.852
2018-12-12 01:03:13.063974, 81.839
2018-12-12 01:03:18.104986, 81.904
2018-12-12 01:03:23.063215, 81.904
2018-12-12 01:03:28.062745, 81.748
2018-12-12 01:03:33.061714, 81.709
2018-12-12 01:03:38.060451, 81.839
2018-12-12 01:03:43.073485, 81.956
2018-12-12 01:03:48.060518, 82.059
2018-12-12 01:03:53.061930, 82.059
2018-12-12 01:03:58.060863, 81.994
2018-12-12 01:04:03.061557, 82.020
2018-12-12 01:04:08.067126, 82.046
2018-12-12 01:04:13.063243, 81.943
2018-12-12 01:04:18.064455, 82.033
2018-12-12 01:04:23.061091, 82.111
2018-12-12 01:04:28.062720, 81.891
2018-12-12 01:04:33.060425, 81.891
2018-12-12 01:04:38.059770, 81.865
2018-12-12 01:04:43.060340, 81.826
2018-12-12 01:04:48.059181, 81.826
2018-12-12 01:04:53.059998, 81.865
2018-12-12 01:04:58.108779, 81.917
2018-12-12 01:05:03.060782, 81.878
2018-12-12 01:05:08.060834, 81.943
2018-12-12 01:05:13.059427, 81.917
2018-12-12 01:05:18.065187, 81.956
2018-12-12 01:05:23.060049, 81.968
2018-12-12 01:05:28.100976, 81.956
2018-12-12 01:05:33.059756, 81.994
2018-12-12 01:05:38.058002, 81.968
2018-12-12 01:05:43.070112, 81.878
2018-12-12 01:05:48.062204, 81.904
2018-12-12 01:05:53.058787, 81.904
2018-12-12 01:05:58.100951, 81.878
2018-12-12 01:06:03.058743, 81.943
2018-12-12 01:06:08.056755, 81.930
2018-12-12 01:06:13.058495, 81.917
2018-12-12 01:06:18.058106, 81.865
2018-12-12 01:06:23.057667, 81.891
2018-12-12 01:06:28.098148, 81.968
2018-12-12 01:06:33.057593, 81.917
2018-12-12 01:06:38.056621, 82.007
2018-12-12 01:06:43.057223, 81.968
2018-12-12 01:06:48.067048, 81.904
2018-12-12 01:06:53.057527, 81.943
2018-12-12 01:06:58.097303, 81.904
2018-12-12 01:07:03.057489, 81.917
2018-12-12 01:07:08.056683, 81.930
2018-12-12 01:07:13.056711, 81.904
2018-12-12 01:07:18.058261, 81.878
2018-12-12 01:07:23.055427, 81.904
2018-12-12 01:07:28.100757, 81.865
2018-12-12 01:07:33.055718, 81.865
2018-12-12 01:07:38.056218, 81.904
2018-12-12 01:07:43.061373, 81.904
2018-12-12 01:07:48.054941, 81.878
2018-12-12 01:07:53.056368, 81.865
2018-12-12 01:07:58.097194, 81.917
2018-12-12 01:08:03.054816, 81.904
2018-12-12 01:08:08.053699, 81.878
2018-12-12 01:08:13.055209, 81.930
2018-12-12 01:08:18.053379, 81.865
2018-12-12 01:08:23.055426, 81.852
2018-12-12 01:08:28.099368, 81.930
2018-12-12 01:08:33.055094, 81.878
2018-12-12 01:08:38.053372, 81.956
2018-12-12 01:08:43.055989, 81.943
2018-12-12 01:08:48.052246, 81.968
2018-12-12 01:08:53.058702, 81.917
2018-12-12 01:08:58.097006, 81.865
2018-12-12 01:09:03.053415, 81.943
2018-12-12 01:09:08.052265, 81.878
2018-12-12 01:09:13.054896, 81.787
2018-12-12 01:09:18.053990, 81.839
2018-12-12 01:09:23.052770, 81.865
2018-12-12 01:09:28.092986, 81.839
2018-12-12 01:09:33.052752, 81.930
2018-12-12 01:09:38.054470, 81.865
2018-12-12 01:09:43.053403, 81.839
2018-12-12 01:09:48.053306, 81.865
2018-12-12 01:09:53.052442, 81.852
2018-12-12 01:09:58.093009, 81.930
2018-12-12 01:10:03.051917, 81.852
2018-12-12 01:10:08.052962, 81.878
2018-12-12 01:10:13.054653, 81.891
2018-12-12 01:10:18.050712, 81.826
2018-12-12 01:10:23.055043, 81.813
2018-12-12 01:10:28.094255, 81.787
2018-12-12 01:10:33.050935, 81.800
2018-12-12 01:10:38.054987, 81.852
2018-12-12 01:10:43.050930, 81.813
2018-12-12 01:10:48.050280, 81.865
2018-12-12 01:10:53.052480, 81.813
2018-12-12 01:10:58.093083, 81.813
2018-12-12 01:11:03.083704, 81.826
2018-12-12 01:11:08.051951, 81.774
2018-12-12 01:11:13.051229, 81.800
2018-12-12 01:11:18.092776, 81.774
2018-12-12 01:11:23.049715, 81.774
2018-12-12 01:11:28.048558, 81.800
2018-12-12 01:11:33.081693, 81.774
2018-12-12 01:11:38.049570, 81.813
2018-12-12 01:11:43.049401, 81.800
2018-12-12 01:11:48.105056, 81.787
2018-12-12 01:11:53.049159, 81.800
2018-12-12 01:11:58.049041, 81.813
2018-12-12 01:12:03.049401, 81.813
2018-12-12 01:12:08.047592, 81.826
2018-12-12 01:12:13.048527, 81.722
2018-12-12 01:12:18.089124, 81.696
2018-12-12 01:12:23.048178, 81.696
2018-12-12 01:12:28.048229, 81.735
2018-12-12 01:12:33.049013, 81.826
2018-12-12 01:12:38.047397, 81.891
2018-12-12 01:12:43.048063,-41.319
2018-12-12 01:12:48.089157,-42.473
2018-12-12 01:12:53.079288,-38.339
2018-12-12 01:12:58.049270,-42.111
2018-12-12 01:13:03.047778, 83.626
2018-12-12 01:13:08.047389, 87.275
2018-12-12 01:13:13.047814, 89.218
2018-12-12 01:13:18.090891, 87.356
2018-12-12 01:13:23.049350, 89.721
2018-12-12 01:13:28.053694, 90.212
2018-12-12 01:13:33.058607, 88.920
2018-12-12 01:13:38.047645, 86.045
